timestamp,value,threshold,alert_active
2026-06-30T11:32:42.278039+02:00,5,10,false
2026-06-30T12:02:50.553908+02:00,4,10,false
2026-06-30T12:20:50.520111+02:00,0,10,false
2026-06-30T12:31:39.807821+02:00,12,10,true
2026-06-30T13:02:18.539758+02:00,3,10,false
2026-06-30T13:32:33.454146+02:00,3,10,false
2026-06-30T14:01:55.899425+02:00,4,10,false
2026-06-30T14:32:26.893305+02:00,1,10,false
2026-06-30T15:02:47.831402+02:00,1,10,false
2026-06-30T15:32:20.356140+02:00,0,10,false
2026-06-30T16:03:31.059932+02:00,2,10,false
2026-06-30T16:32:06.434232+02:00,0,10,false
2026-06-30T17:21:14.914687+02:00,1,10,false
2026-06-30T17:32:28.272088+02:00,1,10,false
2026-06-30T18:02:27.990095+02:00,0,10,false
2026-06-30T18:33:11.821513+02:00,4,10,false
2026-06-30T19:33:02.850068+02:00,1,10,false
2026-06-30T20:02:38.445597+02:00,1,10,false
2026-06-30T20:32:10.232691+02:00,2,10,false
2026-06-30T21:03:18.038513+02:00,1,10,false
2026-06-30T21:35:04.507430+02:00,0,10,false
2026-06-30T22:02:19.829874+02:00,0,10,false
2026-06-30T23:02:47.510261+02:00,0,10,false
2026-06-30T23:32:04.523204+02:00,0,10,false
2026-07-01T00:02:42.671520+02:00,0,10,false
2026-07-01T01:00:09.369409+02:00,0,10,false
2026-07-01T02:02:44.348696+02:00,0,10,false
2026-07-01T03:02:39.041778+02:00,0,10,false
2026-07-01T03:33:06.909359+02:00,0,10,false
2026-07-01T04:32:44.455811+02:00,0,10,false
2026-07-01T05:02:56.134760+02:00,0,10,false
2026-07-01T05:32:57.003912+02:00,0,10,false
2026-07-01T06:02:27.529003+02:00,0,10,false
2026-07-01T06:31:40.680325+02:00,0,10,false
2026-07-01T07:02:02.635196+02:00,0,10,false
2026-07-01T07:31:57.717808+02:00,3,10,false
2026-07-01T08:02:30.062008+02:00,0,10,false
2026-07-01T08:13:12.906390+02:00,1,10,false
2026-07-01T09:03:04.748443+02:00,1,10,false
2026-07-01T09:31:48.092271+02:00,1,10,false
2026-07-01T10:03:07.972488+02:00,1,10,false
2026-07-01T10:32:48.613489+02:00,0,10,false
2026-07-01T11:03:00.356678+02:00,3,10,false
2026-07-01T11:32:24.462202+02:00,12,10,true
2026-07-01T12:03:44.594551+02:00,7,10,false
2026-07-01T12:18:57.277766+02:00,7,10,false
2026-07-01T12:32:48.681604+02:00,10,10,true
2026-07-01T13:02:30.641507+02:00,6,10,false
2026-07-01T13:32:31.175314+02:00,2,10,false
2026-07-01T14:02:12.855981+02:00,1,10,false
2026-07-01T14:33:07.500925+02:00,3,10,false
2026-07-01T15:02:53.938370+02:00,1,10,false
2026-07-01T15:15:38.569182+02:00,2,10,false
2026-07-01T16:02:15.891281+02:00,1,10,false
2026-07-01T17:02:26.140937+02:00,0,10,false
2026-07-01T17:31:48.300843+02:00,0,10,false
2026-07-01T17:59:20.231759+02:00,1,10,false
2026-07-01T18:01:58.406823+02:00,1,10,false
2026-07-01T19:32:50.709276+02:00,0,10,false
2026-07-01T20:19:30.818052+02:00,0,10,false
2026-07-01T20:32:56.069879+02:00,3,10,false
2026-07-01T21:02:30.364777+02:00,0,10,false
2026-07-01T21:32:37.815879+02:00,4,10,false
2026-07-01T22:02:47.267850+02:00,4,10,false
2026-07-01T22:35:04.093073+02:00,0,10,false
2026-07-01T23:01:55.381147+02:00,0,10,false
2026-07-01T23:32:14.781206+02:00,0,10,false
2026-07-02T00:02:46.754643+02:00,0,10,false
2026-07-02T00:09:51.250688+02:00,0,10,false
2026-07-02T00:32:54.609128+02:00,0,10,false
2026-07-02T01:02:37.190610+02:00,0,10,false
2026-07-02T01:32:11.491228+02:00,0,10,false
2026-07-02T01:48:44.188605+02:00,0,10,false
2026-07-02T02:02:48.032813+02:00,0,10,false
2026-07-02T02:32:56.184812+02:00,0,10,false
2026-07-02T03:03:07.349262+02:00,0,10,false
2026-07-02T04:01:51.472126+02:00,0,10,false
2026-07-02T04:32:33.364546+02:00,0,10,false
2026-07-02T05:03:01.223182+02:00,0,10,false
2026-07-02T06:02:29.957618+02:00,0,10,false
2026-07-02T06:36:00.610577+02:00,0,10,false
2026-07-02T07:32:10.188593+02:00,0,10,false
2026-07-02T08:02:52.490974+02:00,0,10,false
2026-07-02T08:32:28.604186+02:00,0,10,false
2026-07-02T09:01:49.565976+02:00,0,10,false
2026-07-02T09:32:43.207875+02:00,1,10,false
2026-07-02T09:58:36.262935+02:00,1,10,false
2026-07-02T10:02:34.426186+02:00,0,10,false
2026-07-02T10:31:58.190202+02:00,0,10,false
2026-07-02T11:02:07.069497+02:00,0,10,false
2026-07-02T11:32:58.370497+02:00,0,10,false
2026-07-02T12:03:00.685568+02:00,0,10,false
2026-07-02T12:32:50.164362+02:00,0,10,false
2026-07-02T13:03:04.836853+02:00,1,10,false
2026-07-02T13:32:22.494921+02:00,1,10,false
2026-07-02T14:02:38.324691+02:00,0,10,false
2026-07-02T14:32:13.947481+02:00,3,10,false
2026-07-02T15:01:59.685382+02:00,0,10,false
2026-07-02T15:32:59.032634+02:00,0,10,false
2026-07-02T16:32:30.502068+02:00,0,10,false
2026-07-02T17:03:10.356899+02:00,3,10,false
2026-07-02T17:41:00.254242+02:00,1,10,false
2026-07-02T18:02:06.349518+02:00,1,10,false
2026-07-02T18:32:51.657746+02:00,0,10,false
2026-07-02T19:02:44.812933+02:00,1,10,false
2026-07-02T19:22:47.142763+02:00,0,10,false
2026-07-02T19:31:53.812382+02:00,1,10,false
2026-07-02T20:02:26.384509+02:00,0,10,false
2026-07-02T20:32:26.890255+02:00,0,10,false
2026-07-02T21:04:38.696738+02:00,0,10,false
2026-07-02T22:02:06.353529+02:00,0,10,false
2026-07-02T22:32:34.410661+02:00,0,10,false
2026-07-02T22:38:55.596916+02:00,0,10,false
2026-07-02T23:03:00.469508+02:00,0,10,false
2026-07-02T23:32:40.738439+02:00,0,10,false
2026-07-02T23:54:43.973684+02:00,0,10,false
2026-07-03T00:02:18.678720+02:00,0,10,false
2026-07-03T01:03:26.261227+02:00,0,10,false
2026-07-03T01:41:16.934314+02:00,0,10,false
2026-07-03T02:01:46.803593+02:00,0,10,false
2026-07-03T02:33:24.127925+02:00,0,10,false
2026-07-03T03:22:21.684747+02:00,0,10,false
2026-07-03T03:32:38.583498+02:00,0,10,false
2026-07-03T04:02:21.949293+02:00,0,10,false
2026-07-03T04:32:03.480423+02:00,0,10,false
2026-07-03T06:02:58.867525+02:00,0,10,false
2026-07-03T06:32:13.663067+02:00,0,10,false
2026-07-03T07:02:09.737113+02:00,0,10,false
2026-07-03T07:32:18.575020+02:00,0,10,false
2026-07-03T07:37:54.616232+02:00,0,10,false
2026-07-03T08:01:59.472495+02:00,0,10,false
2026-07-03T09:03:09.875984+02:00,0,10,false
2026-07-03T09:32:47.631794+02:00,0,10,false
2026-07-03T10:03:08.848454+02:00,0,10,false
2026-07-03T10:32:31.069024+02:00,0,10,false
2026-07-03T10:41:33.431028+02:00,0,10,false
2026-07-03T11:02:33.605907+02:00,0,10,false
2026-07-03T11:32:11.510644+02:00,1,10,false
2026-07-03T12:02:51.077732+02:00,1,10,false
2026-07-03T12:31:54.843023+02:00,0,10,false
2026-07-03T13:20:12.962983+02:00,0,10,false
2026-07-03T13:32:10.925628+02:00,0,10,false
2026-07-03T14:02:06.065865+02:00,0,10,false
2026-07-03T14:32:22.007368+02:00,0,10,false
2026-07-03T15:03:26.903223+02:00,0,10,false
2026-07-03T15:26:35.234020+02:00,0,10,false
2026-07-03T15:32:45.065972+02:00,1,10,false
2026-07-03T16:02:05.853965+02:00,1,10,false
2026-07-03T16:32:23.659485+02:00,0,10,false
2026-07-03T17:02:57.963510+02:00,0,10,false
2026-07-03T17:32:45.759252+02:00,0,10,false
2026-07-03T17:46:28.127950+02:00,0,10,false
2026-07-03T18:02:16.508156+02:00,0,10,false
2026-07-03T19:11:11.891705+02:00,0,10,false
2026-07-03T19:31:51.810904+02:00,0,10,false
2026-07-03T20:02:11.862079+02:00,0,10,false
2026-07-03T20:32:58.602582+02:00,0,10,false
2026-07-03T20:42:59.449405+02:00,0,10,false
2026-07-03T21:01:54.606935+02:00,0,10,false
2026-07-03T21:31:54.292616+02:00,0,10,false
2026-07-03T22:01:53.904604+02:00,0,10,false
2026-07-03T22:06:45.041135+02:00,0,10,false
2026-07-03T22:32:33.971272+02:00,0,10,false
2026-07-03T23:02:41.593130+02:00,0,10,false
2026-07-03T23:32:15.966854+02:00,0,10,false
2026-07-03T23:36:42.158532+02:00,0,10,false
2026-07-04T00:02:53.627405+02:00,0,10,false
2026-07-04T00:33:33.415449+02:00,0,10,false
2026-07-04T00:47:18.682811+02:00,0,10,false
2026-07-04T01:33:17.587206+02:00,1,10,false
2026-07-04T01:51:59.058499+02:00,1,10,false
2026-07-04T02:33:25.139834+02:00,0,10,false
2026-07-04T03:03:07.069192+02:00,0,10,false
2026-07-04T03:33:09.743526+02:00,0,10,false
2026-07-04T04:03:14.976160+02:00,0,10,false
2026-07-04T04:32:52.833534+02:00,0,10,false
2026-07-04T05:03:17.183664+02:00,0,10,false
2026-07-04T05:32:22.847797+02:00,0,10,false
2026-07-04T06:02:04.531388+02:00,0,10,false
2026-07-04T06:06:55.128519+02:00,0,10,false
2026-07-04T06:33:10.819547+02:00,0,10,false
2026-07-04T07:01:59.482207+02:00,0,10,false
2026-07-04T07:32:35.427885+02:00,0,10,false
2026-07-04T08:02:47.545127+02:00,2,10,false
2026-07-04T08:33:06.055481+02:00,0,10,false
2026-07-04T09:03:16.033745+02:00,0,10,false
2026-07-04T09:32:15.606414+02:00,0,10,false
2026-07-04T10:32:02.314963+02:00,0,10,false
2026-07-04T11:02:20.324345+02:00,0,10,false
2026-07-04T11:54:52.734678+02:00,0,10,false
2026-07-04T12:03:25.386656+02:00,0,10,false
2026-07-04T12:32:07.827605+02:00,0,10,false
2026-07-04T13:31:57.751882+02:00,0,10,false
2026-07-04T13:48:37.017257+02:00,0,10,false
2026-07-04T14:01:49.558970+02:00,0,10,false
2026-07-04T15:02:59.518899+02:00,0,10,false
2026-07-04T15:32:36.758324+02:00,0,10,false
2026-07-04T16:05:07.513206+02:00,1,10,false
2026-07-04T17:02:31.600359+02:00,0,10,false
2026-07-04T17:32:53.279151+02:00,1,10,false
2026-07-04T17:35:22.055443+02:00,0,10,false
2026-07-04T18:02:35.134089+02:00,0,10,false
2026-07-04T18:32:06.705828+02:00,0,10,false
2026-07-04T18:45:23.507517+02:00,0,10,false
2026-07-04T19:02:15.369669+02:00,0,10,false
2026-07-04T19:32:41.359359+02:00,0,10,false
2026-07-04T19:49:59.909016+02:00,0,10,false
2026-07-04T20:03:19.107903+02:00,0,10,false
2026-07-04T20:31:42.063099+02:00,0,10,false
2026-07-04T21:03:20.645098+02:00,0,10,false
2026-07-04T21:32:08.733955+02:00,1,10,false
2026-07-04T21:41:45.894920+02:00,0,10,false
2026-07-04T22:01:57.650957+02:00,0,10,false
2026-07-04T22:33:19.954093+02:00,0,10,false
2026-07-04T22:38:26.858021+02:00,0,10,false
2026-07-04T23:02:25.974750+02:00,0,10,false
2026-07-04T23:43:46.919730+02:00,0,10,false
2026-07-05T00:03:08.000696+02:00,0,10,false
2026-07-05T00:32:25.543740+02:00,0,10,false
2026-07-05T00:42:32.273264+02:00,0,10,false
2026-07-05T01:02:49.930055+02:00,0,10,false
2026-07-05T01:31:52.489757+02:00,0,10,false
2026-07-05T01:48:06.173437+02:00,0,10,false
2026-07-05T02:02:20.245324+02:00,0,10,false
2026-07-05T02:32:07.939961+02:00,0,10,false
2026-07-05T03:02:10.572504+02:00,0,10,false
2026-07-05T04:03:21.555976+02:00,0,10,false
2026-07-05T04:32:28.290610+02:00,0,10,false
2026-07-05T05:03:02.564570+02:00,0,10,false
2026-07-05T05:32:17.450121+02:00,0,10,false
2026-07-05T06:02:49.632188+02:00,0,10,false
2026-07-05T07:02:38.754285+02:00,0,10,false
2026-07-05T08:02:15.491932+02:00,0,10,false
2026-07-05T08:32:30.627962+02:00,0,10,false
2026-07-05T09:02:25.495628+02:00,5,10,false
2026-07-05T09:32:53.330072+02:00,0,10,false
2026-07-05T10:32:50.354731+02:00,2,10,false
2026-07-05T11:02:29.930419+02:00,0,10,false
2026-07-05T11:24:49.584622+02:00,0,10,false
2026-07-05T11:32:57.209516+02:00,2,10,false
2026-07-05T13:03:13.947258+02:00,0,10,false
2026-07-05T13:32:28.460001+02:00,0,10,false
2026-07-05T14:03:32.642921+02:00,0,10,false
2026-07-05T14:31:49.972011+02:00,0,10,false
2026-07-05T15:05:40.193809+02:00,0,10,false
2026-07-05T16:03:36.294425+02:00,0,10,false
2026-07-05T16:33:15.076702+02:00,0,10,false
2026-07-05T16:57:02.674543+02:00,1,10,false
2026-07-05T17:01:57.280764+02:00,0,10,false
2026-07-05T18:03:20.622493+02:00,1,10,false
2026-07-05T18:30:24.144612+02:00,0,10,false
2026-07-05T18:32:49.235215+02:00,0,10,false
2026-07-05T19:03:16.276589+02:00,0,10,false
2026-07-05T19:32:44.549663+02:00,0,10,false
2026-07-05T19:49:36.515524+02:00,0,10,false
2026-07-05T20:02:45.179139+02:00,0,10,false
2026-07-05T20:31:51.090617+02:00,0,10,false
2026-07-05T21:02:39.253115+02:00,0,10,false
2026-07-05T21:31:57.107163+02:00,0,10,false
2026-07-05T21:47:12.801313+02:00,1,10,false
2026-07-05T22:02:54.955578+02:00,0,10,false
2026-07-05T22:33:05.227812+02:00,1,10,false
2026-07-05T22:44:00.743448+02:00,0,10,false
2026-07-05T23:02:03.788528+02:00,0,10,false
2026-07-05T23:32:03.337353+02:00,2,10,false
2026-07-05T23:45:38.407393+02:00,0,10,false
2026-07-06T00:02:29.437209+02:00,0,10,false
2026-07-06T00:33:01.353630+02:00,0,10,false
2026-07-06T00:45:07.293450+02:00,0,10,false
2026-07-06T01:02:14.028595+02:00,0,10,false
2026-07-06T01:48:54.299212+02:00,0,10,false
2026-07-06T02:02:41.396610+02:00,0,10,false
2026-07-06T02:32:33.782440+02:00,0,10,false
2026-07-06T03:02:30.467571+02:00,0,10,false
2026-07-06T03:32:46.207888+02:00,0,10,false
2026-07-06T04:03:20.195724+02:00,0,10,false
2026-07-06T05:02:34.948841+02:00,0,10,false
2026-07-06T05:32:33.513633+02:00,0,10,false
2026-07-06T06:02:25.498444+02:00,0,10,false
2026-07-06T06:33:11.918903+02:00,0,10,false
2026-07-06T06:45:57.892116+02:00,0,10,false
2026-07-06T07:02:30.355609+02:00,0,10,false
2026-07-06T07:32:22.233863+02:00,0,10,false
2026-07-06T08:02:36.438284+02:00,0,10,false
2026-07-06T08:33:00.056711+02:00,3,10,false
2026-07-06T09:02:33.240176+02:00,1,10,false
2026-07-06T09:32:33.538280+02:00,2,10,false
2026-07-06T10:02:42.227489+02:00,1,10,false
2026-07-06T10:33:12.303386+02:00,0,10,false
2026-07-06T10:54:41.420364+02:00,0,10,false
2026-07-06T11:02:35.023763+02:00,0,10,false
2026-07-06T11:32:50.804320+02:00,0,10,false
2026-07-06T12:02:09.394429+02:00,0,10,false
2026-07-06T12:32:55.631176+02:00,0,10,false
2026-07-06T13:33:15.189172+02:00,2,10,false
2026-07-06T14:03:18.541352+02:00,2,10,false
2026-07-06T14:31:55.825889+02:00,0,10,false
2026-07-06T15:03:56.517879+02:00,1,10,false
2026-07-06T15:33:11.630551+02:00,0,10,false
2026-07-06T16:02:42.604157+02:00,1,10,false
2026-07-06T16:32:58.641524+02:00,0,10,false
2026-07-06T17:02:28.547991+02:00,0,10,false
2026-07-06T18:03:02.495260+02:00,0,10,false
2026-07-06T18:35:13.495102+02:00,0,10,false
2026-07-06T19:03:12.727181+02:00,0,10,false
2026-07-06T19:32:59.839355+02:00,0,10,false
2026-07-06T20:03:03.399301+02:00,0,10,false
2026-07-06T20:32:53.448349+02:00,2,10,false
2026-07-06T20:52:53.465000+02:00,0,10,false
2026-07-06T21:02:18.647284+02:00,0,10,false
2026-07-06T21:32:41.305692+02:00,0,10,false
2026-07-06T23:10:51.732506+02:00,0,10,false
2026-07-06T23:33:15.862166+02:00,0,10,false
2026-07-07T00:02:17.824210+02:00,0,10,false
2026-07-07T00:32:32.046377+02:00,0,10,false
2026-07-07T00:41:26.644818+02:00,0,10,false
2026-07-07T01:02:40.133417+02:00,0,10,false
2026-07-07T01:32:25.500963+02:00,0,10,false
2026-07-07T01:50:46.462710+02:00,0,10,false
2026-07-07T02:02:43.682055+02:00,0,10,false
2026-07-07T02:32:50.497840+02:00,0,10,false
2026-07-07T03:03:25.140924+02:00,0,10,false
2026-07-07T03:33:06.551792+02:00,0,10,false
2026-07-07T04:33:06.835213+02:00,0,10,false
2026-07-07T05:02:42.054020+02:00,0,10,false
2026-07-07T05:33:11.915050+02:00,0,10,false
2026-07-07T06:02:16.086555+02:00,0,10,false
2026-07-07T06:29:00.008873+02:00,0,10,false
2026-07-07T06:32:25.387608+02:00,0,10,false
2026-07-07T07:03:36.176440+02:00,0,10,false
2026-07-07T08:02:10.765804+02:00,2,10,false
2026-07-07T08:31:55.013620+02:00,2,10,false
2026-07-07T09:02:31.234681+02:00,0,10,false
2026-07-07T09:32:35.156626+02:00,0,10,false
2026-07-07T10:03:33.142824+02:00,0,10,false
2026-07-07T10:12:40.551737+02:00,0,10,false
2026-07-07T10:32:02.898308+02:00,0,10,false
2026-07-07T11:02:23.391279+02:00,0,10,false
2026-07-07T11:32:36.203782+02:00,1,10,false
2026-07-07T12:02:44.098256+02:00,0,10,false
2026-07-07T12:32:35.992677+02:00,0,10,false
2026-07-07T13:02:44.571600+02:00,0,10,false
2026-07-07T13:21:29.199139+02:00,0,10,false
2026-07-07T13:32:49.172535+02:00,0,10,false
2026-07-07T14:02:36.703280+02:00,0,10,false
2026-07-07T14:33:23.278405+02:00,0,10,false
2026-07-07T15:31:52.636285+02:00,0,10,false
2026-07-07T15:56:07.305528+02:00,0,10,false
2026-07-07T16:02:51.425232+02:00,0,10,false
2026-07-07T17:02:30.930193+02:00,0,10,false
2026-07-07T17:32:36.387705+02:00,3,10,false
2026-07-07T18:04:23.435799+02:00,0,10,false
2026-07-07T18:44:23.847926+02:00,0,10,false
2026-07-07T19:02:41.951608+02:00,0,10,false
2026-07-07T19:33:31.679269+02:00,0,10,false
2026-07-07T20:02:21.543470+02:00,1,10,false
2026-07-07T20:33:03.611353+02:00,1,10,false
2026-07-07T21:03:08.399878+02:00,0,10,false
2026-07-07T22:02:54.180511+02:00,2,10,false
2026-07-07T22:33:01.105601+02:00,0,10,false
2026-07-07T23:08:07.434799+02:00,0,10,false
2026-07-07T23:32:50.426584+02:00,0,10,false
2026-07-08T00:03:17.386909+02:00,0,10,false
2026-07-08T00:32:02.454854+02:00,0,10,false
2026-07-08T00:34:35.368820+02:00,0,10,false
2026-07-08T01:03:15.393851+02:00,0,10,false
2026-07-08T01:32:40.117488+02:00,0,10,false
2026-07-08T01:41:15.374920+02:00,0,10,false
2026-07-08T02:32:38.485777+02:00,0,10,false
2026-07-08T03:03:39.641090+02:00,0,10,false
2026-07-08T03:15:16.112974+02:00,0,10,false
2026-07-08T04:02:34.634170+02:00,0,10,false
2026-07-08T04:32:40.015766+02:00,0,10,false
2026-07-08T05:02:48.861391+02:00,0,10,false
2026-07-08T05:32:18.140518+02:00,0,10,false
2026-07-08T06:02:51.949181+02:00,1,10,false
2026-07-08T06:32:28.358227+02:00,1,10,false
2026-07-08T07:02:32.021242+02:00,1,10,false
2026-07-08T07:33:29.349119+02:00,0,10,false
2026-07-08T08:02:07.320745+02:00,0,10,false
2026-07-08T08:33:16.248959+02:00,0,10,false
2026-07-08T09:02:55.617758+02:00,4,10,false
2026-07-08T09:19:04.588835+02:00,4,10,false
2026-07-08T10:02:49.039095+02:00,0,10,false
2026-07-08T10:33:37.497611+02:00,2,10,false
2026-07-08T11:02:41.952185+02:00,1,10,false
2026-07-08T11:31:59.110607+02:00,2,10,false
2026-07-08T12:02:40.585493+02:00,3,10,false
2026-07-08T12:32:33.423552+02:00,0,10,false
2026-07-08T13:02:50.992509+02:00,1,10,false
2026-07-08T13:35:11.950218+02:00,2,10,false
2026-07-08T14:02:03.768719+02:00,0,10,false
2026-07-08T14:31:54.947338+02:00,0,10,false
2026-07-08T15:02:29.205614+02:00,0,10,false
2026-07-08T15:18:11.374305+02:00,0,10,false
2026-07-08T15:32:21.736684+02:00,0,10,false
2026-07-08T16:32:08.905680+02:00,0,10,false
2026-07-08T17:03:25.230676+02:00,1,10,false
2026-07-08T17:32:35.599394+02:00,0,10,false
2026-07-08T17:40:05.032650+02:00,0,10,false
2026-07-08T18:03:46.390589+02:00,0,10,false
2026-07-08T18:33:24.693733+02:00,0,10,false
2026-07-08T19:03:20.736672+02:00,1,10,false
2026-07-08T19:13:41.707735+02:00,0,10,false
2026-07-08T19:32:38.771277+02:00,0,10,false
2026-07-08T20:02:26.531085+02:00,2,10,false
2026-07-08T20:32:34.933205+02:00,1,10,false
2026-07-08T20:50:56.222515+02:00,0,10,false
2026-07-08T21:33:12.471673+02:00,1,10,false
2026-07-08T22:03:08.141223+02:00,0,10,false
2026-07-08T22:33:35.421563+02:00,1,10,false
2026-07-08T22:39:36.122874+02:00,0,10,false
2026-07-08T23:03:18.373226+02:00,0,10,false
2026-07-08T23:53:33.853140+02:00,0,10,false
2026-07-09T00:02:17.143128+02:00,0,10,false
2026-07-09T01:02:51.909259+02:00,0,10,false
2026-07-09T01:34:50.053781+02:00,0,10,false
2026-07-09T02:02:07.215456+02:00,0,10,false
2026-07-09T02:32:37.529804+02:00,0,10,false
2026-07-09T03:02:11.603946+02:00,0,10,false
2026-07-09T03:21:25.475683+02:00,0,10,false
2026-07-09T03:32:48.052289+02:00,0,10,false
2026-07-09T04:03:09.230925+02:00,0,10,false
2026-07-09T04:33:02.123052+02:00,0,10,false
2026-07-09T05:32:46.236888+02:00,0,10,false
2026-07-09T06:03:11.967345+02:00,0,10,false
2026-07-09T06:37:54.559185+02:00,0,10,false
2026-07-09T07:02:23.434271+02:00,0,10,false
2026-07-09T07:33:37.463417+02:00,0,10,false
2026-07-09T07:50:57.573191+02:00,0,10,false
2026-07-09T08:03:00.585165+02:00,0,10,false
2026-07-09T08:32:09.778777+02:00,0,10,false
2026-07-09T09:42:46.491556+02:00,1,10,false
2026-07-09T10:33:35.049654+02:00,0,10,false
2026-07-09T11:03:14.623056+02:00,0,10,false
2026-07-09T11:32:12.663560+02:00,0,10,false
2026-07-09T12:03:20.352985+02:00,0,10,false
2026-07-09T12:37:52.188646+02:00,1,10,false
2026-07-09T13:43:18.585772+02:00,2,10,false
2026-07-09T14:03:06.111863+02:00,2,10,false
2026-07-09T15:06:24.161976+02:00,1,10,false
2026-07-09T15:32:12.751016+02:00,0,10,false
2026-07-09T16:02:59.330041+02:00,0,10,false
2026-07-09T16:32:43.697713+02:00,0,10,false
2026-07-09T17:03:15.462130+02:00,0,10,false
2026-07-09T17:32:41.016604+02:00,0,10,false
2026-07-09T17:50:04.842446+02:00,1,10,false
2026-07-09T18:03:22.634208+02:00,0,10,false
2026-07-09T18:32:25.667620+02:00,2,10,false
2026-07-09T19:03:03.258442+02:00,0,10,false
2026-07-09T20:03:06.323315+02:00,0,10,false
2026-07-09T20:13:16.900808+02:00,1,10,false
2026-07-09T20:31:59.218250+02:00,1,10,false
2026-07-09T21:03:09.385290+02:00,0,10,false
2026-07-09T22:03:27.607149+02:00,0,10,false
2026-07-09T22:10:34.995862+02:00,2,10,false
2026-07-09T23:02:54.534732+02:00,0,10,false
2026-07-09T23:32:51.948140+02:00,0,10,false
2026-07-09T23:51:23.310190+02:00,0,10,false
2026-07-10T00:03:19.997847+02:00,0,10,false
2026-07-10T00:32:06.141680+02:00,0,10,false
2026-07-10T01:03:03.779157+02:00,0,10,false
2026-07-10T01:32:28.841247+02:00,0,10,false
2026-07-10T01:41:03.414739+02:00,0,10,false
2026-07-10T02:02:05.373673+02:00,0,10,false
2026-07-10T02:32:00.665036+02:00,0,10,false
2026-07-10T03:03:12.253723+02:00,0,10,false
2026-07-10T03:20:03.529840+02:00,0,10,false
2026-07-10T03:32:11.637021+02:00,0,10,false
2026-07-10T04:03:23.099291+02:00,0,10,false
2026-07-10T05:02:54.792067+02:00,0,10,false
2026-07-10T05:32:40.273628+02:00,0,10,false
2026-07-10T06:03:17.737301+02:00,0,10,false
2026-07-10T06:33:34.197707+02:00,0,10,false
2026-07-10T07:03:11.545119+02:00,0,10,false
2026-07-10T07:48:39.847636+02:00,1,10,false
2026-07-10T08:02:49.767480+02:00,0,10,false
2026-07-10T08:33:04.770112+02:00,0,10,false
2026-07-10T09:32:30.067959+02:00,1,10,false
2026-07-10T10:03:07.977184+02:00,0,10,false
2026-07-10T10:32:05.097527+02:00,0,10,false
2026-07-10T10:54:57.378086+02:00,0,10,false
2026-07-10T11:02:25.061696+02:00,0,10,false
2026-07-10T11:32:53.814516+02:00,0,10,false
2026-07-10T12:02:32.596825+02:00,0,10,false
2026-07-10T12:31:54.117334+02:00,0,10,false
2026-07-10T13:03:21.629232+02:00,0,10,false
2026-07-10T13:32:40.364056+02:00,1,10,false
2026-07-10T14:02:41.978254+02:00,0,10,false
2026-07-10T14:10:48.310886+02:00,0,10,false
2026-07-10T14:32:52.112023+02:00,0,10,false
2026-07-10T15:02:31.716085+02:00,0,10,false
2026-07-10T15:33:30.117345+02:00,1,10,false
2026-07-10T16:32:38.229443+02:00,0,10,false
2026-07-10T17:03:19.639079+02:00,0,10,false
2026-07-10T17:06:26.287205+02:00,1,10,false
2026-07-10T17:32:26.115001+02:00,0,10,false
2026-07-10T18:03:35.508144+02:00,0,10,false
2026-07-10T18:33:05.677958+02:00,0,10,false
2026-07-10T19:13:48.140823+02:00,1,10,false
2026-07-10T19:32:57.877851+02:00,1,10,false
2026-07-10T20:02:24.787389+02:00,0,10,false
2026-07-10T20:33:02.050672+02:00,0,10,false
2026-07-10T20:50:59.619277+02:00,1,10,false
2026-07-10T21:02:34.889055+02:00,0,10,false
2026-07-10T21:34:14.688512+02:00,0,10,false
2026-07-10T22:02:27.634280+02:00,0,10,false
2026-07-10T22:33:57.132892+02:00,0,10,false
2026-07-10T22:46:17.233266+02:00,0,10,false
2026-07-10T23:03:01.826042+02:00,0,10,false
2026-07-10T23:32:36.531938+02:00,0,10,false
2026-07-10T23:45:50.387175+02:00,0,10,false
2026-07-11T00:03:20.335725+02:00,0,10,false
2026-07-11T00:32:29.613625+02:00,0,10,false
2026-07-11T00:45:41.980184+02:00,0,10,false
2026-07-11T01:03:00.701240+02:00,0,10,false
2026-07-11T01:33:07.005520+02:00,0,10,false
2026-07-11T02:33:37.182130+02:00,0,10,false
2026-07-11T03:03:20.984482+02:00,0,10,false
2026-07-11T03:13:09.628542+02:00,0,10,false
2026-07-11T03:32:06.712136+02:00,0,10,false
2026-07-11T04:03:25.683760+02:00,0,10,false
2026-07-11T04:32:14.113428+02:00,0,10,false
2026-07-11T05:32:04.876461+02:00,0,10,false
2026-07-11T06:02:30.402317+02:00,0,10,false
2026-07-11T06:35:36.490768+02:00,0,10,false
2026-07-11T07:03:18.841407+02:00,0,10,false
2026-07-11T07:33:01.259232+02:00,0,10,false
2026-07-11T08:02:38.145160+02:00,0,10,false
2026-07-11T09:03:18.504695+02:00,0,10,false
2026-07-11T09:32:05.034786+02:00,0,10,false
2026-07-11T10:02:54.820329+02:00,0,10,false
2026-07-11T10:32:26.014167+02:00,0,10,false
2026-07-11T11:04:00.220845+02:00,0,10,false
2026-07-11T11:32:39.446051+02:00,0,10,false
2026-07-11T12:02:20.651590+02:00,0,10,false
2026-07-11T12:40:02.881092+02:00,0,10,false
2026-07-11T13:33:26.097663+02:00,0,10,false
2026-07-11T13:38:19.982512+02:00,0,10,false
2026-07-11T14:02:59.243776+02:00,0,10,false
2026-07-11T14:33:03.916902+02:00,0,10,false
2026-07-11T15:03:13.132723+02:00,0,10,false
2026-07-11T15:33:36.994645+02:00,0,10,false
2026-07-11T16:02:35.348132+02:00,0,10,false
2026-07-11T16:33:17.512626+02:00,0,10,false
2026-07-11T17:03:34.842758+02:00,0,10,false
2026-07-11T18:02:12.752600+02:00,3,10,false
2026-07-11T18:32:51.579310+02:00,0,10,false
2026-07-11T19:02:09.625413+02:00,0,10,false
2026-07-11T19:32:05.455445+02:00,0,10,false
2026-07-11T19:43:52.640065+02:00,0,10,false
2026-07-11T20:02:17.765282+02:00,0,10,false
2026-07-11T20:32:49.472898+02:00,0,10,false
2026-07-11T20:40:36.092431+02:00,0,10,false
2026-07-11T21:02:23.109472+02:00,0,10,false
2026-07-11T21:32:46.430872+02:00,0,10,false
2026-07-11T21:56:44.805614+02:00,0,10,false
2026-07-11T22:02:59.866441+02:00,0,10,false
2026-07-11T22:32:37.674305+02:00,0,10,false
2026-07-11T23:02:37.386816+02:00,0,10,false
2026-07-11T23:11:28.313304+02:00,0,10,false
2026-07-11T23:32:40.786160+02:00,0,10,false
2026-07-12T00:02:30.668410+02:00,0,10,false
2026-07-12T00:11:15.137090+02:00,0,10,false
2026-07-12T00:33:03.013411+02:00,0,10,false
2026-07-12T01:03:40.369474+02:00,0,10,false
2026-07-12T01:32:46.409382+02:00,0,10,false
2026-07-12T02:02:46.224033+02:00,0,10,false
2026-07-12T02:15:33.494784+02:00,0,10,false
2026-07-12T02:33:19.398592+02:00,0,10,false
2026-07-12T03:02:36.874374+02:00,0,10,false
2026-07-12T03:32:15.196798+02:00,0,10,false
2026-07-12T04:02:22.562605+02:00,0,10,false
2026-07-12T04:32:55.020581+02:00,0,10,false
2026-07-12T05:33:22.214529+02:00,0,10,false
2026-07-12T06:01:58.099670+02:00,0,10,false
2026-07-12T06:04:43.040728+02:00,0,10,false
2026-07-12T06:33:05.701573+02:00,0,10,false
2026-07-12T07:03:32.304945+02:00,0,10,false
2026-07-12T07:32:08.026806+02:00,0,10,false
2026-07-12T08:02:53.364041+02:00,0,10,false
2026-07-12T08:33:04.426968+02:00,0,10,false
2026-07-12T08:48:58.216377+02:00,0,10,false
2026-07-12T09:03:32.869480+02:00,1,10,false
2026-07-12T09:32:59.187440+02:00,0,10,false
2026-07-12T10:03:17.052576+02:00,0,10,false
2026-07-12T10:32:52.661263+02:00,0,10,false
2026-07-12T11:02:38.864424+02:00,0,10,false
2026-07-12T11:20:13.886059+02:00,0,10,false
2026-07-12T11:32:49.773451+02:00,0,10,false
2026-07-12T12:03:16.348753+02:00,0,10,false
2026-07-12T12:32:55.600465+02:00,0,10,false
2026-07-12T13:04:02.436316+02:00,0,10,false
2026-07-12T14:02:35.520424+02:00,0,10,false
2026-07-12T14:09:45.577714+02:00,0,10,false
2026-07-12T15:03:17.036586+02:00,0,10,false
2026-07-12T15:33:32.242372+02:00,1,10,false
2026-07-12T16:07:40.680147+02:00,0,10,false
2026-07-12T16:33:12.682601+02:00,0,10,false
2026-07-12T17:02:56.047501+02:00,0,10,false
2026-07-12T17:35:47.078930+02:00,1,10,false
2026-07-12T18:32:39.213479+02:00,0,10,false
2026-07-12T18:39:59.298984+02:00,0,10,false
2026-07-12T19:02:29.605784+02:00,0,10,false
2026-07-12T19:32:25.189034+02:00,0,10,false
2026-07-12T19:45:28.413798+02:00,0,10,false
2026-07-12T20:01:59.071758+02:00,0,10,false
2026-07-12T20:33:38.303637+02:00,0,10,false
2026-07-12T20:43:45.214888+02:00,0,10,false
2026-07-12T21:02:37.087959+02:00,0,10,false
2026-07-12T21:34:05.377639+02:00,0,10,false
2026-07-12T21:57:14.007232+02:00,0,10,false
2026-07-12T22:02:29.717666+02:00,0,10,false
2026-07-12T23:03:03.870290+02:00,0,10,false
2026-07-12T23:09:01.068899+02:00,0,10,false
2026-07-13T00:02:47.334691+02:00,0,10,false
2026-07-13T00:10:56.508202+02:00,0,10,false
2026-07-13T00:32:42.758922+02:00,0,10,false
2026-07-13T01:02:40.217621+02:00,0,10,false
2026-07-13T01:13:02.857841+02:00,0,10,false
2026-07-13T01:33:07.109121+02:00,0,10,false
2026-07-13T02:03:02.671823+02:00,0,10,false
2026-07-13T02:32:24.265584+02:00,0,10,false
2026-07-13T03:32:05.635084+02:00,0,10,false
2026-07-13T04:02:24.282406+02:00,0,10,false
2026-07-13T04:32:00.405296+02:00,0,10,false
2026-07-13T05:01:55.783223+02:00,0,10,false
2026-07-13T05:31:54.600624+02:00,0,10,false
2026-07-13T06:02:15.901516+02:00,0,10,false
2026-07-13T06:06:29.205555+02:00,0,10,false
2026-07-13T06:32:52.764676+02:00,0,10,false
2026-07-13T07:02:50.336041+02:00,0,10,false
2026-07-13T07:32:19.220262+02:00,0,10,false
2026-07-13T08:32:39.205119+02:00,0,10,false
2026-07-13T09:04:47.505035+02:00,0,10,false
2026-07-13T09:33:15.945073+02:00,1,10,false
2026-07-13T09:45:11.561548+02:00,0,10,false
2026-07-13T10:03:24.937848+02:00,0,10,false
2026-07-13T10:33:22.034063+02:00,0,10,false
2026-07-13T11:03:36.757050+02:00,0,10,false
2026-07-13T11:32:56.612677+02:00,0,10,false
2026-07-13T12:03:32.686003+02:00,0,10,false
2026-07-13T12:32:30.948333+02:00,2,10,false
2026-07-13T12:45:29.948643+02:00,0,10,false
2026-07-13T13:03:04.872189+02:00,0,10,false
2026-07-13T13:32:30.962623+02:00,0,10,false
2026-07-13T14:02:49.248359+02:00,0,10,false
2026-07-13T14:32:36.226274+02:00,0,10,false
2026-07-13T15:03:09.385165+02:00,0,10,false
2026-07-13T15:10:52.824473+02:00,0,10,false
2026-07-13T16:03:26.563393+02:00,0,10,false
2026-07-13T16:33:19.605863+02:00,0,10,false
2026-07-13T17:02:52.903476+02:00,1,10,false
2026-07-13T17:32:48.920657+02:00,0,10,false
2026-07-13T18:32:58.218519+02:00,0,10,false
2026-07-13T19:32:27.096135+02:00,1,10,false
2026-07-13T20:02:58.762098+02:00,0,10,false
2026-07-13T20:13:46.246972+02:00,0,10,false
2026-07-13T20:33:36.034676+02:00,0,10,false
2026-07-13T21:02:34.485240+02:00,0,10,false
2026-07-13T21:32:02.826168+02:00,0,10,false
2026-07-13T21:53:59.590937+02:00,0,10,false
2026-07-13T22:02:39.587972+02:00,0,10,false
2026-07-13T22:33:21.111347+02:00,0,10,false
2026-07-13T23:02:27.291029+02:00,0,10,false
2026-07-13T23:16:49.565076+02:00,0,10,false
2026-07-13T23:33:01.055352+02:00,0,10,false
2026-07-14T00:02:30.814475+02:00,0,10,false
2026-07-14T00:16:02.921860+02:00,0,10,false
2026-07-14T00:31:54.169617+02:00,0,10,false
2026-07-14T01:02:21.185353+02:00,0,10,false
2026-07-14T01:18:18.242417+02:00,0,10,false
2026-07-14T01:33:03.040557+02:00,0,10,false
2026-07-14T02:03:07.824905+02:00,0,10,false
2026-07-14T02:14:01.785252+02:00,0,10,false
2026-07-14T02:32:38.638354+02:00,0,10,false
2026-07-14T03:02:01.523603+02:00,0,10,false
2026-07-14T03:33:10.571804+02:00,0,10,false
2026-07-14T04:03:26.006063+02:00,0,10,false
2026-07-14T05:32:49.485657+02:00,0,10,false
2026-07-14T05:41:12.766572+02:00,0,10,false
2026-07-14T06:03:46.479427+02:00,0,10,false
2026-07-14T06:31:56.446420+02:00,0,10,false
2026-07-14T07:03:29.535121+02:00,0,10,false
2026-07-14T07:32:11.817343+02:00,0,10,false
2026-07-14T08:08:04.037026+02:00,0,10,false
2026-07-14T10:03:37.818256+02:00,0,10,false
2026-07-14T10:32:40.247505+02:00,0,10,false
2026-07-14T11:02:10.000442+02:00,0,10,false
2026-07-14T11:32:32.862049+02:00,1,10,false
2026-07-14T12:02:25.204827+02:00,1,10,false
2026-07-14T12:27:45.943654+02:00,3,10,false
2026-07-14T12:33:24.890313+02:00,0,10,false
2026-07-14T13:02:20.526383+02:00,0,10,false
2026-07-14T13:32:11.273893+02:00,0,10,false
2026-07-14T14:04:14.969498+02:00,0,10,false
2026-07-14T14:32:53.123798+02:00,0,10,false
2026-07-14T15:03:21.513152+02:00,0,10,false
2026-07-14T16:02:14.079282+02:00,0,10,false
2026-07-14T16:18:05.729929+02:00,0,10,false
2026-07-14T16:32:44.096301+02:00,0,10,false
2026-07-14T17:03:36.676767+02:00,0,10,false
2026-07-14T17:32:13.696000+02:00,0,10,false
2026-07-14T17:54:05.791064+02:00,0,10,false
2026-07-14T18:02:42.355805+02:00,0,10,false
2026-07-14T18:33:25.806398+02:00,1,10,false
2026-07-14T19:02:27.935300+02:00,0,10,false
2026-07-14T19:32:24.721924+02:00,0,10,false
2026-07-14T19:38:00.866970+02:00,0,10,false
2026-07-14T20:03:06.667486+02:00,0,10,false
2026-07-14T20:52:00.866620+02:00,0,10,false
2026-07-14T21:03:04.343751+02:00,0,10,false
2026-07-14T21:32:08.294421+02:00,0,10,false
2026-07-14T22:03:11.450090+02:00,0,10,false
2026-07-14T22:41:32.167347+02:00,0,10,false
2026-07-14T23:02:02.858822+02:00,1,10,false
2026-07-14T23:32:55.174968+02:00,0,10,false
2026-07-14T23:41:48.551224+02:00,0,10,false
2026-07-15T00:01:59.447864+02:00,0,10,false
2026-07-15T00:32:43.203145+02:00,0,10,false
2026-07-15T00:42:19.550833+02:00,0,10,false
2026-07-15T01:02:43.836474+02:00,0,10,false
2026-07-15T01:32:06.697618+02:00,0,10,false
2026-07-15T01:37:50.116469+02:00,0,10,false
2026-07-15T02:03:03.063448+02:00,0,10,false
2026-07-15T02:33:01.469383+02:00,0,10,false
2026-07-15T03:05:07.312171+02:00,0,10,false
2026-07-15T03:32:40.856307+02:00,0,10,false
2026-07-15T04:03:25.820016+02:00,0,10,false
2026-07-15T04:32:47.193832+02:00,0,10,false
2026-07-15T05:02:59.219103+02:00,0,10,false
2026-07-15T05:32:26.543090+02:00,0,10,false
2026-07-15T06:02:24.879703+02:00,0,10,false
2026-07-15T06:19:30.296680+02:00,0,10,false
2026-07-15T06:32:43.088181+02:00,0,10,false
2026-07-15T07:03:29.910490+02:00,0,10,false
2026-07-15T07:32:04.963686+02:00,0,10,false
2026-07-15T08:03:32.613058+02:00,0,10,false
2026-07-15T08:32:25.587848+02:00,0,10,false
2026-07-15T09:04:08.510611+02:00,0,10,false
2026-07-15T09:33:28.533170+02:00,0,10,false
2026-07-15T10:03:00.455855+02:00,0,10,false
2026-07-15T10:32:07.388115+02:00,1,10,false
2026-07-15T11:03:11.484846+02:00,0,10,false
2026-07-15T11:25:29.903766+02:00,0,10,false
2026-07-15T11:31:58.751416+02:00,0,10,false
2026-07-15T12:02:54.323082+02:00,0,10,false
2026-07-15T12:32:34.519970+02:00,0,10,false
2026-07-15T13:02:57.650040+02:00,0,10,false
2026-07-15T13:17:17.159079+02:00,0,10,false
2026-07-15T14:02:39.686705+02:00,0,10,false
2026-07-15T14:32:50.982614+02:00,0,10,false
2026-07-15T14:47:29.782137+02:00,0,10,false
2026-07-15T15:32:32.913365+02:00,0,10,false
2026-07-15T16:03:00.065389+02:00,0,10,false
2026-07-15T16:35:11.571089+02:00,0,10,false
2026-07-15T17:02:43.029633+02:00,0,10,false
2026-07-15T17:32:50.137097+02:00,0,10,false
2026-07-15T18:11:51.358134+02:00,0,10,false
2026-07-15T18:32:44.541416+02:00,0,10,false
2026-07-15T19:43:16.217227+02:00,1,10,false
2026-07-15T20:02:27.600716+02:00,0,10,false
2026-07-15T20:32:34.908978+02:00,0,10,false
2026-07-15T20:48:01.306217+02:00,0,10,false
2026-07-15T21:03:12.896223+02:00,0,10,false
2026-07-15T21:33:09.846742+02:00,0,10,false
2026-07-15T21:59:52.802074+02:00,0,10,false
2026-07-15T22:32:56.212435+02:00,1,10,false
2026-07-15T23:33:42.341362+02:00,2,10,false
2026-07-16T00:03:18.946316+02:00,0,10,false
2026-07-16T00:28:55.609560+02:00,0,10,false
2026-07-16T00:33:04.411603+02:00,0,10,false
2026-07-16T01:02:11.736564+02:00,0,10,false
2026-07-16T01:32:06.178029+02:00,0,10,false
2026-07-16T01:45:11.965074+02:00,0,10,false
2026-07-16T02:02:53.261543+02:00,0,10,false
2026-07-16T02:33:38.977388+02:00,0,10,false
2026-07-16T03:02:50.510430+02:00,0,10,false
2026-07-16T03:12:47.584078+02:00,0,10,false
2026-07-16T04:03:20.063788+02:00,0,10,false
2026-07-16T05:02:12.887125+02:00,0,10,false
2026-07-16T06:02:58.103697+02:00,0,10,false
2026-07-16T06:29:27.555802+02:00,0,10,false
2026-07-16T06:32:11.838562+02:00,0,10,false
2026-07-16T07:02:56.643204+02:00,0,10,false
2026-07-16T07:31:47.046629+02:00,0,10,false
2026-07-16T08:02:44.149556+02:00,0,10,false
2026-07-16T08:33:31.254504+02:00,0,10,false
2026-07-16T09:12:19.042161+02:00,0,10,false
2026-07-16T09:33:10.381640+02:00,0,10,false
2026-07-16T10:02:06.980346+02:00,0,10,false
2026-07-16T10:32:41.256632+02:00,0,10,false
2026-07-16T11:02:34.004680+02:00,0,10,false
2026-07-16T11:33:40.689041+02:00,2,10,false
2026-07-16T12:03:28.516815+02:00,2,10,false
2026-07-16T12:33:10.540835+02:00,0,10,false
2026-07-16T13:02:40.583021+02:00,1,10,false
2026-07-16T13:23:38.171758+02:00,0,10,false
2026-07-16T13:33:01.419068+02:00,0,10,false
2026-07-16T14:03:36.496829+02:00,0,10,false
2026-07-16T14:32:54.869801+02:00,0,10,false
2026-07-16T15:02:38.050632+02:00,0,10,false
2026-07-16T15:08:39.999163+02:00,0,10,false
2026-07-16T15:32:46.708841+02:00,0,10,false
2026-07-16T16:03:55.987760+02:00,0,10,false
2026-07-16T16:32:34.759851+02:00,0,10,false
2026-07-16T17:02:59.985407+02:00,0,10,false
2026-07-16T17:33:13.040067+02:00,0,10,false
2026-07-16T18:03:24.492243+02:00,0,10,false
2026-07-16T18:32:24.909914+02:00,0,10,false
2026-07-16T19:01:52.438680+02:00,0,10,false
2026-07-16T19:32:53.242458+02:00,0,10,false
2026-07-16T19:59:35.126838+02:00,2,10,false
2026-07-16T20:02:59.835437+02:00,0,10,false
2026-07-16T20:33:01.366667+02:00,0,10,false
2026-07-16T21:02:52.986318+02:00,0,10,false
2026-07-16T21:33:20.775690+02:00,1,10,false
2026-07-16T21:37:11.354213+02:00,0,10,false
2026-07-16T22:01:49.400445+02:00,0,10,false
2026-07-16T22:32:38.284072+02:00,0,10,false
2026-07-16T22:38:04.824252+02:00,0,10,false
2026-07-16T23:02:37.652023+02:00,0,10,false
2026-07-16T23:31:57.161889+02:00,0,10,false
2026-07-16T23:50:19.350505+02:00,0,10,false
2026-07-17T00:03:00.529030+02:00,0,10,false
2026-07-17T00:33:11.103372+02:00,0,10,false
2026-07-17T01:03:03.368720+02:00,0,10,false
2026-07-17T01:33:06.569572+02:00,0,10,false
2026-07-17T02:02:33.546676+02:00,0,10,false
2026-07-17T02:16:11.750258+02:00,0,10,false
2026-07-17T02:31:56.019190+02:00,0,10,false
2026-07-17T03:03:16.720258+02:00,0,10,false
2026-07-17T03:32:50.804766+02:00,0,10,false
2026-07-17T04:02:24.339133+02:00,0,10,false
2026-07-17T04:32:01.282582+02:00,0,10,false
2026-07-17T05:03:11.637134+02:00,0,10,false
2026-07-17T05:33:04.854689+02:00,0,10,false
2026-07-17T05:45:45.334784+02:00,0,10,false
2026-07-17T06:03:04.006641+02:00,0,10,false
2026-07-17T06:32:38.682895+02:00,0,10,false
2026-07-17T07:03:14.114246+02:00,0,10,false
2026-07-17T07:32:19.197979+02:00,0,10,false
2026-07-17T08:10:07.183020+02:00,0,10,false
2026-07-17T09:33:14.664528+02:00,0,10,false
2026-07-17T10:33:29.603731+02:00,2,10,false
2026-07-17T11:03:01.882459+02:00,0,10,false
2026-07-17T11:31:48.722938+02:00,0,10,false
2026-07-17T12:02:45.335671+02:00,0,10,false
2026-07-17T12:27:59.135211+02:00,0,10,false
2026-07-17T13:02:10.859965+02:00,0,10,false
2026-07-17T13:32:39.216377+02:00,1,10,false
2026-07-17T14:02:41.661790+02:00,0,10,false
2026-07-17T14:32:16.752542+02:00,0,10,false
2026-07-17T15:02:18.260720+02:00,0,10,false
2026-07-17T15:32:28.171620+02:00,0,10,false
2026-07-17T16:02:06.207446+02:00,0,10,false
2026-07-17T16:07:15.286673+02:00,0,10,false
2026-07-17T16:33:03.774227+02:00,0,10,false
2026-07-17T17:02:17.381878+02:00,0,10,false
2026-07-17T17:31:59.224366+02:00,0,10,false
2026-07-17T17:48:05.898351+02:00,1,10,false
2026-07-17T18:03:11.734953+02:00,1,10,false
2026-07-17T18:32:43.564033+02:00,1,10,false
2026-07-17T18:55:46.471458+02:00,0,10,false
2026-07-17T19:02:05.421607+02:00,1,10,false
2026-07-17T19:33:19.859386+02:00,0,10,false
2026-07-17T20:02:10.481116+02:00,1,10,false
2026-07-17T20:19:46.822880+02:00,1,10,false
2026-07-17T20:32:18.413009+02:00,0,10,false
2026-07-17T21:52:51.558698+02:00,0,10,false
2026-07-17T22:03:06.056329+02:00,1,10,false
2026-07-17T22:32:11.089088+02:00,0,10,false
2026-07-17T23:01:53.657302+02:00,0,10,false
2026-07-17T23:11:57.564364+02:00,0,10,false
2026-07-17T23:33:14.707276+02:00,0,10,false
2026-07-18T00:10:37.012557+02:00,0,10,false
2026-07-18T00:32:18.523537+02:00,0,10,false
2026-07-18T01:13:24.085692+02:00,0,10,false
2026-07-18T01:32:20.118554+02:00,0,10,false
2026-07-18T02:02:58.881692+02:00,0,10,false
2026-07-18T02:14:04.633657+02:00,0,10,false
2026-07-18T02:32:20.004613+02:00,0,10,false
2026-07-18T03:02:08.532190+02:00,0,10,false
2026-07-18T03:32:35.745370+02:00,0,10,false
2026-07-18T04:03:05.147528+02:00,0,10,false
2026-07-18T04:33:05.255499+02:00,0,10,false
2026-07-18T05:02:58.134776+02:00,0,10,false
2026-07-18T05:32:01.541389+02:00,0,10,false
2026-07-18T05:39:26.906592+02:00,0,10,false
2026-07-18T06:02:49.264992+02:00,0,10,false
2026-07-18T06:32:30.399409+02:00,0,10,false
2026-07-18T07:02:05.772313+02:00,0,10,false
2026-07-18T07:31:55.599773+02:00,0,10,false
2026-07-18T07:55:28.500732+02:00,0,10,false
2026-07-18T08:31:57.823762+02:00,0,10,false
2026-07-18T09:02:28.747451+02:00,1,10,false
2026-07-18T09:32:12.753564+02:00,0,10,false
2026-07-18T10:02:43.773272+02:00,0,10,false
2026-07-18T10:13:19.056266+02:00,0,10,false
2026-07-18T10:32:09.012992+02:00,0,10,false
2026-07-18T11:02:00.821083+02:00,0,10,false
2026-07-18T11:31:45.815399+02:00,0,10,false
2026-07-18T12:01:48.732173+02:00,0,10,false
2026-07-18T13:02:34.544101+02:00,0,10,false
2026-07-18T13:27:11.574502+02:00,0,10,false
2026-07-18T13:33:16.769991+02:00,0,10,false
2026-07-18T14:02:13.251274+02:00,0,10,false
2026-07-18T14:31:59.965138+02:00,0,10,false
2026-07-18T14:40:44.689504+02:00,0,10,false
2026-07-18T15:03:23.224700+02:00,0,10,false
2026-07-18T15:32:37.531966+02:00,0,10,false
2026-07-18T16:03:42.048347+02:00,0,10,false
2026-07-18T16:12:31.182206+02:00,0,10,false
2026-07-18T16:32:34.283748+02:00,0,10,false
2026-07-18T17:02:08.970111+02:00,0,10,false
2026-07-18T17:19:29.648069+02:00,0,10,false
2026-07-18T17:32:48.588001+02:00,0,10,false
2026-07-18T18:03:12.300760+02:00,0,10,false
2026-07-18T18:32:37.828318+02:00,1,10,false
2026-07-18T18:40:15.015413+02:00,0,10,false
2026-07-18T19:03:01.570018+02:00,0,10,false
2026-07-18T19:32:48.897942+02:00,0,10,false
2026-07-18T19:43:45.322815+02:00,0,10,false
2026-07-18T20:02:33.340187+02:00,0,10,false
2026-07-18T20:31:32.388734+02:00,0,10,false
2026-07-18T20:41:01.083119+02:00,0,10,false
2026-07-18T21:02:22.764449+02:00,0,10,false
2026-07-18T21:32:33.614739+02:00,0,10,false
2026-07-18T21:55:58.332764+02:00,0,10,false
2026-07-18T22:02:26.097788+02:00,0,10,false
2026-07-18T22:32:25.850062+02:00,0,10,false
2026-07-18T23:02:05.446010+02:00,0,10,false
2026-07-18T23:09:14.460345+02:00,0,10,false
2026-07-18T23:31:55.093694+02:00,0,10,false
2026-07-19T00:02:13.296748+02:00,0,10,false
2026-07-19T00:12:04.979842+02:00,0,10,false
2026-07-19T00:32:50.468277+02:00,0,10,false
2026-07-19T01:02:48.478849+02:00,0,10,false
2026-07-19T01:15:15.942066+02:00,0,10,false
2026-07-19T01:33:03.239877+02:00,0,10,false
2026-07-19T02:03:01.920796+02:00,0,10,false
2026-07-19T02:14:38.598083+02:00,0,10,false
2026-07-19T02:32:49.665326+02:00,0,10,false
2026-07-19T03:03:03.539760+02:00,0,10,false
2026-07-19T03:32:00.784134+02:00,0,10,false
2026-07-19T04:02:36.325148+02:00,0,10,false
2026-07-19T04:32:50.700642+02:00,0,10,false
2026-07-19T05:02:56.722559+02:00,0,10,false
2026-07-19T05:32:52.806190+02:00,0,10,false
2026-07-19T06:03:50.977398+02:00,0,10,false
2026-07-19T06:33:08.860361+02:00,0,10,false
2026-07-19T07:02:23.261492+02:00,0,10,false
2026-07-19T07:32:58.888738+02:00,0,10,false
2026-07-19T08:32:14.621254+02:00,0,10,false
2026-07-19T08:45:21.224669+02:00,0,10,false
2026-07-19T09:03:14.031863+02:00,0,10,false
2026-07-19T09:33:00.930885+02:00,2,10,false
2026-07-19T10:02:12.002289+02:00,0,10,false
2026-07-19T10:32:26.820811+02:00,0,10,false
2026-07-19T11:00:17.862633+02:00,0,10,false
2026-07-19T11:33:17.083315+02:00,0,10,false
2026-07-19T12:02:16.695305+02:00,0,10,false
2026-07-19T12:33:22.589837+02:00,1,10,false
2026-07-19T12:47:03.526294+02:00,0,10,false
2026-07-19T13:02:23.697028+02:00,0,10,false
2026-07-19T13:47:43.357440+02:00,0,10,false
2026-07-19T14:02:24.531435+02:00,0,10,false
2026-07-19T14:32:31.498734+02:00,0,10,false
2026-07-19T15:01:47.297782+02:00,0,10,false
2026-07-19T15:31:32.521467+02:00,0,10,false
2026-07-19T16:02:37.973737+02:00,0,10,false
2026-07-19T16:33:04.032650+02:00,0,10,false
2026-07-19T17:28:04.398946+02:00,0,10,false
2026-07-19T17:32:00.113541+02:00,0,10,false
2026-07-19T18:02:20.223676+02:00,0,10,false
2026-07-19T18:40:03.522366+02:00,0,10,false
2026-07-19T19:02:30.616627+02:00,1,10,false
2026-07-19T19:32:59.340940+02:00,0,10,false
2026-07-19T19:45:09.447029+02:00,0,10,false
2026-07-19T20:33:07.109698+02:00,0,10,false
2026-07-19T20:43:34.098784+02:00,0,10,false
2026-07-19T21:02:40.869115+02:00,0,10,false
2026-07-19T21:32:43.129975+02:00,0,10,false
2026-07-19T22:06:30.245166+02:00,0,10,false
2026-07-19T23:03:20.287785+02:00,0,10,false
2026-07-19T23:11:08.926744+02:00,0,10,false
2026-07-19T23:31:59.457999+02:00,0,10,false
2026-07-20T00:03:08.618330+02:00,0,10,false
2026-07-20T00:32:54.440463+02:00,0,10,false
2026-07-20T01:03:01.142128+02:00,0,10,false
2026-07-20T01:15:19.823103+02:00,0,10,false
2026-07-20T01:33:22.765312+02:00,0,10,false
2026-07-20T02:02:16.895256+02:00,0,10,false
2026-07-20T02:17:48.708405+02:00,0,10,false
2026-07-20T03:32:22.052721+02:00,0,10,false
2026-07-20T04:02:24.327597+02:00,0,10,false
2026-07-20T04:32:21.444924+02:00,0,10,false
2026-07-20T05:02:34.364734+02:00,0,10,false
2026-07-20T05:32:19.974472+02:00,0,10,false
2026-07-20T06:02:51.201401+02:00,0,10,false
2026-07-20T06:13:14.225242+02:00,0,10,false
2026-07-20T06:32:55.035648+02:00,0,10,false
2026-07-20T07:01:58.833291+02:00,0,10,false
2026-07-20T07:32:05.971600+02:00,0,10,false
2026-07-20T08:01:51.024556+02:00,0,10,false
2026-07-20T08:31:59.286151+02:00,0,10,false
2026-07-20T09:02:55.833395+02:00,0,10,false
2026-07-20T09:32:28.394655+02:00,0,10,false
2026-07-20T10:33:12.979093+02:00,3,10,false
2026-07-20T11:32:49.291177+02:00,0,10,false
2026-07-20T12:03:03.773591+02:00,0,10,false
2026-07-20T12:32:10.176601+02:00,0,10,false
2026-07-20T12:33:58.733712+02:00,0,10,false
2026-07-20T13:32:18.041715+02:00,0,10,false
2026-07-20T14:01:43.374698+02:00,0,10,false
2026-07-20T14:32:03.157785+02:00,0,10,false
2026-07-20T15:32:43.722205+02:00,3,10,false
2026-07-20T16:03:10.782449+02:00,0,10,false
2026-07-20T16:32:25.989315+02:00,0,10,false
2026-07-20T17:02:08.599809+02:00,0,10,false
2026-07-20T17:23:49.235921+02:00,2,10,false
2026-07-20T17:32:05.254684+02:00,2,10,false
2026-07-20T18:02:19.564628+02:00,0,10,false
2026-07-20T18:32:10.064531+02:00,0,10,false
2026-07-20T19:12:01.190500+02:00,1,10,false
2026-07-20T19:33:08.293407+02:00,0,10,false
2026-07-20T20:01:54.319492+02:00,0,10,false
2026-07-20T20:33:02.456869+02:00,0,10,false
2026-07-20T21:03:39.981282+02:00,0,10,false
2026-07-20T21:11:53.541394+02:00,0,10,false
2026-07-20T22:03:26.109392+02:00,0,10,false
2026-07-20T22:45:05.361589+02:00,0,10,false
2026-07-20T23:02:15.721276+02:00,0,10,false
2026-07-20T23:31:56.318577+02:00,0,10,false
2026-07-21T00:03:05.015571+02:00,0,10,false
2026-07-21T00:32:40.375044+02:00,0,10,false
2026-07-21T01:01:59.690539+02:00,0,10,false
2026-07-21T01:18:54.480617+02:00,0,10,false
2026-07-21T01:32:40.480374+02:00,0,10,false
2026-07-21T02:03:04.551517+02:00,0,10,false
2026-07-21T02:33:11.715433+02:00,0,10,false
2026-07-21T03:13:15.637603+02:00,0,10,false
2026-07-21T03:32:17.807989+02:00,0,10,false
2026-07-21T04:01:36.270442+02:00,0,10,false
2026-07-21T04:32:18.325696+02:00,0,10,false
2026-07-21T05:01:36.323951+02:00,0,10,false
2026-07-21T05:32:37.280982+02:00,0,10,false
2026-07-21T06:02:42.375498+02:00,0,10,false
2026-07-21T06:32:42.327255+02:00,0,10,false
2026-07-21T06:37:05.814682+02:00,0,10,false
2026-07-21T07:03:08.987444+02:00,1,10,false
2026-07-21T07:33:02.357528+02:00,1,10,false
2026-07-21T08:02:31.377952+02:00,0,10,false
2026-07-21T08:32:44.905632+02:00,0,10,false
2026-07-21T09:03:02.328237+02:00,0,10,false
2026-07-21T09:24:27.763302+02:00,1,10,false
2026-07-21T10:32:14.209133+02:00,0,10,false
2026-07-21T11:02:39.391885+02:00,0,10,false
2026-07-21T11:33:02.143134+02:00,0,10,false
2026-07-21T12:01:52.314225+02:00,0,10,false
2026-07-21T12:10:38.582236+02:00,0,10,false
2026-07-21T12:32:57.506410+02:00,0,10,false
2026-07-21T13:03:19.441142+02:00,0,10,false
2026-07-21T13:32:18.292263+02:00,0,10,false
2026-07-21T14:11:16.093017+02:00,0,10,false
2026-07-21T14:31:30.063455+02:00,0,10,false
2026-07-21T15:02:21.400822+02:00,0,10,false
2026-07-21T15:32:39.863218+02:00,0,10,false
2026-07-21T16:02:34.635632+02:00,0,10,false
2026-07-21T16:28:56.168157+02:00,1,10,false
2026-07-21T16:33:12.810386+02:00,0,10,false
2026-07-21T17:02:50.502592+02:00,0,10,false
2026-07-21T17:32:06.399745+02:00,1,10,false
2026-07-21T18:03:08.003298+02:00,1,10,false
2026-07-21T18:09:15.175978+02:00,0,10,false
2026-07-21T18:32:15.785027+02:00,0,10,false
2026-07-21T19:02:17.593466+02:00,0,10,false
2026-07-21T19:49:56.521213+02:00,0,10,false
2026-07-21T20:02:39.989170+02:00,0,10,false
2026-07-21T20:31:50.347491+02:00,2,10,false
2026-07-21T21:32:15.382972+02:00,0,10,false
2026-07-21T21:56:15.019474+02:00,2,10,false
2026-07-21T22:02:01.370255+02:00,2,10,false
2026-07-21T22:31:51.129011+02:00,1,10,false
2026-07-21T23:02:28.805912+02:00,0,10,false
2026-07-21T23:32:42.749046+02:00,0,10,false
2026-07-21T23:36:31.871838+02:00,0,10,false
2026-07-22T00:03:06.359616+02:00,0,10,false
2026-07-22T00:32:24.154850+02:00,0,10,false
2026-07-22T00:41:03.709807+02:00,0,10,false
2026-07-22T01:02:17.213111+02:00,0,10,false
2026-07-22T01:44:31.799707+02:00,0,10,false
2026-07-22T02:03:20.773045+02:00,0,10,false
2026-07-22T03:02:11.461699+02:00,0,10,false
2026-07-22T03:12:06.576958+02:00,0,10,false
2026-07-22T03:32:38.291621+02:00,0,10,false
2026-07-22T04:03:12.686436+02:00,0,10,false
2026-07-22T04:32:22.062617+02:00,0,10,false
2026-07-22T05:01:50.581416+02:00,0,10,false
2026-07-22T05:32:51.455434+02:00,0,10,false
2026-07-22T06:02:50.139930+02:00,0,10,false
2026-07-22T07:02:10.107169+02:00,0,10,false
2026-07-22T07:32:23.813934+02:00,0,10,false
2026-07-22T08:03:27.473303+02:00,0,10,false
2026-07-22T08:32:14.092756+02:00,0,10,false
2026-07-22T09:26:49.811859+02:00,0,10,false
2026-07-22T10:01:37.189540+02:00,0,10,false
2026-07-22T10:32:53.780142+02:00,0,10,false
2026-07-22T11:02:39.465523+02:00,0,10,false
2026-07-22T12:02:04.462568+02:00,0,10,false
2026-07-22T12:09:53.601827+02:00,1,10,false
2026-07-22T12:32:30.640920+02:00,1,10,false
2026-07-22T13:02:51.867655+02:00,0,10,false
2026-07-22T13:33:01.065794+02:00,0,10,false
2026-07-22T14:01:48.092050+02:00,0,10,false
2026-07-22T14:09:14.471949+02:00,0,10,false
2026-07-22T15:02:24.447589+02:00,0,10,false
2026-07-22T15:31:41.348192+02:00,0,10,false
2026-07-22T16:02:18.790947+02:00,0,10,false
2026-07-22T16:38:59.057882+02:00,0,10,false
2026-07-22T17:03:24.783655+02:00,0,10,false
2026-07-22T17:32:02.714871+02:00,0,10,false
2026-07-22T18:02:57.240737+02:00,0,10,false
2026-07-22T18:31:57.197712+02:00,0,10,false
2026-07-22T19:02:06.546865+02:00,0,10,false
2026-07-22T19:32:25.958664+02:00,0,10,false
2026-07-22T20:31:41.642526+02:00,0,10,false
2026-07-22T20:52:13.448109+02:00,0,10,false
2026-07-22T21:02:42.855041+02:00,2,10,false
2026-07-22T21:31:43.955133+02:00,0,10,false
2026-07-22T22:02:41.108920+02:00,0,10,false
2026-07-22T22:32:30.582521+02:00,0,10,false
2026-07-22T22:34:52.622231+02:00,0,10,false
2026-07-22T23:02:06.506249+02:00,0,10,false
2026-07-22T23:49:47.321946+02:00,0,10,false
2026-07-23T00:02:17.154602+02:00,0,10,false
2026-07-23T00:32:32.478466+02:00,0,10,false
2026-07-23T01:03:15.550362+02:00,0,10,false
2026-07-23T01:20:15.242691+02:00,0,10,false
2026-07-23T01:32:23.366614+02:00,0,10,false
2026-07-23T02:03:10.772558+02:00,0,10,false
2026-07-23T03:02:16.637884+02:00,0,10,false
2026-07-23T03:32:46.359999+02:00,0,10,false
2026-07-23T04:02:19.113955+02:00,0,10,false
2026-07-23T04:31:34.849406+02:00,0,10,false
2026-07-23T05:02:37.611286+02:00,0,10,false
2026-07-23T05:42:49.665873+02:00,0,10,false
2026-07-23T09:24:54.801414+02:00,0,10,false
2026-07-23T12:08:08.536381+02:00,0,10,false
2026-07-23T14:04:03.662294+02:00,0,10,false
2026-07-23T14:06:12.970113+02:00,1,10,false
2026-07-23T14:32:26.468360+02:00,0,10,false
2026-07-23T15:03:08.211963+02:00,0,10,false
2026-07-23T15:32:09.828225+02:00,0,10,false
2026-07-23T16:02:21.922871+02:00,0,10,false
2026-07-23T16:32:50.465955+02:00,0,10,false
2026-07-23T17:01:58.448892+02:00,2,10,false
2026-07-23T17:32:36.590063+02:00,1,10,false
2026-07-23T18:02:31.256139+02:00,0,10,false
2026-07-23T18:18:23.130406+02:00,0,10,false
2026-07-23T18:32:36.097408+02:00,0,10,false
2026-07-23T19:02:25.321410+02:00,0,10,false
2026-07-23T19:32:47.314309+02:00,0,10,false
2026-07-23T19:53:12.303192+02:00,0,10,false
2026-07-23T20:02:16.075744+02:00,1,10,false
2026-07-23T20:32:24.412203+02:00,0,10,false
2026-07-23T21:32:37.763588+02:00,0,10,false
2026-07-23T22:03:07.848932+02:00,0,10,false
2026-07-23T22:32:49.468957+02:00,0,10,false
2026-07-23T23:03:22.814698+02:00,0,10,false
2026-07-23T23:33:35.248283+02:00,0,10,false
2026-07-24T00:01:54.525733+02:00,0,10,false
2026-07-24T00:33:11.183329+02:00,0,10,false
2026-07-24T00:42:10.957893+02:00,0,10,false
2026-07-24T01:03:07.110340+02:00,0,10,false
2026-07-24T01:32:23.384240+02:00,0,10,false
2026-07-24T01:45:33.651628+02:00,0,10,false
2026-07-24T02:32:32.985706+02:00,0,10,false
2026-07-24T03:02:53.876658+02:00,0,10,false
2026-07-24T03:16:07.504377+02:00,0,10,false
2026-07-24T03:31:25.257156+02:00,0,10,false
2026-07-24T04:01:46.465205+02:00,0,10,false
2026-07-24T04:32:33.033254+02:00,0,10,false
2026-07-24T05:02:13.985638+02:00,0,10,false
2026-07-24T05:33:15.716911+02:00,0,10,false
2026-07-24T06:02:40.438201+02:00,0,10,false
2026-07-24T06:32:22.021557+02:00,0,10,false
2026-07-24T06:40:14.606892+02:00,0,10,false
2026-07-24T07:01:37.747717+02:00,0,10,false
2026-07-24T07:32:51.829122+02:00,0,10,false
2026-07-24T08:03:16.880699+02:00,0,10,false
2026-07-24T08:31:18.112891+02:00,1,10,false
2026-07-24T09:02:49.893847+02:00,0,10,false
2026-07-24T09:21:23.202654+02:00,0,10,false
2026-07-24T09:32:30.073711+02:00,1,10,false
2026-07-24T10:02:37.752895+02:00,0,10,false
2026-07-24T11:32:50.877633+02:00,0,10,false
2026-07-24T12:03:55.629529+02:00,0,10,false
2026-07-24T12:32:36.877229+02:00,0,10,false
2026-07-24T13:02:06.738787+02:00,0,10,false
2026-07-24T13:31:48.291447+02:00,0,10,false
2026-07-24T14:06:13.608323+02:00,1,10,false
2026-07-24T15:02:16.840823+02:00,0,10,false
2026-07-24T15:32:15.030315+02:00,0,10,false
2026-07-24T16:02:08.300259+02:00,0,10,false
2026-07-24T16:16:57.983976+02:00,0,10,false
2026-07-24T16:32:29.169584+02:00,0,10,false
2026-07-24T17:01:50.740325+02:00,0,10,false
2026-07-24T17:31:52.283042+02:00,0,10,false
2026-07-24T18:02:45.211514+02:00,0,10,false
2026-07-24T18:32:15.958850+02:00,0,10,false
2026-07-24T19:02:33.514778+02:00,0,10,false
2026-07-24T19:32:37.707245+02:00,0,10,false
2026-07-24T19:56:43.619838+02:00,0,10,false
2026-07-24T20:02:13.164862+02:00,0,10,false
2026-07-24T20:33:05.789783+02:00,0,10,false
2026-07-24T21:03:10.920541+02:00,2,10,false
2026-07-24T21:32:08.085925+02:00,0,10,false
2026-07-24T21:51:52.286484+02:00,0,10,false
2026-07-24T22:01:42.050683+02:00,0,10,false
2026-07-24T22:32:44.700464+02:00,0,10,false
2026-07-24T23:02:54.508027+02:00,0,10,false
2026-07-24T23:33:37.300496+02:00,0,10,false
2026-07-25T00:31:37.159362+02:00,1,10,false
2026-07-25T00:47:11.034899+02:00,0,10,false
2026-07-25T01:01:58.730112+02:00,0,10,false
2026-07-25T01:32:31.392008+02:00,0,10,false
2026-07-25T01:51:42.527663+02:00,0,10,false
2026-07-25T02:02:30.694390+02:00,0,10,false
2026-07-25T02:32:09.509248+02:00,0,10,false
2026-07-25T03:02:35.709899+02:00,0,10,false
2026-07-25T03:32:59.412743+02:00,0,10,false
2026-07-25T04:01:33.171466+02:00,0,10,false
2026-07-25T04:31:40.381414+02:00,0,10,false
2026-07-25T05:01:53.878552+02:00,0,10,false
2026-07-25T05:31:27.984632+02:00,0,10,false
2026-07-25T05:43:28.369185+02:00,0,10,false
2026-07-25T06:03:11.978571+02:00,0,10,false
2026-07-25T06:31:37.963327+02:00,0,10,false
2026-07-25T07:01:46.923599+02:00,0,10,false
2026-07-25T07:31:57.586296+02:00,0,10,false
2026-07-25T08:02:39.269390+02:00,0,10,false
2026-07-25T08:08:38.925881+02:00,0,10,false
2026-07-25T08:31:54.717775+02:00,0,10,false
2026-07-25T09:02:32.154583+02:00,0,10,false
2026-07-25T10:01:47.311037+02:00,0,10,false
2026-07-25T10:27:27.228797+02:00,0,10,false
2026-07-25T10:32:57.604113+02:00,0,10,false
2026-07-25T11:02:28.764546+02:00,0,10,false
2026-07-25T11:32:35.174608+02:00,0,10,false
2026-07-25T12:02:56.416319+02:00,0,10,false
2026-07-25T12:19:18.741056+02:00,0,10,false
2026-07-25T12:32:49.580148+02:00,0,10,false
2026-07-25T13:02:05.678701+02:00,0,10,false
2026-07-25T13:32:33.324165+02:00,0,10,false
2026-07-25T14:02:07.131567+02:00,0,10,false
2026-07-25T14:43:59.601042+02:00,0,10,false
2026-07-25T14:49:00.074160+02:00,0,10,false
2026-07-25T15:02:25.901259+02:00,0,10,false
2026-07-25T15:32:45.744444+02:00,0,10,false
2026-07-25T16:03:20.501461+02:00,0,10,false
2026-07-25T16:25:10.704030+02:00,0,10,false
2026-07-25T17:02:51.533544+02:00,0,10,false
2026-07-25T17:51:30.928053+02:00,0,10,false
2026-07-25T18:02:39.812851+02:00,0,10,false
2026-07-25T18:32:12.087536+02:00,0,10,false
2026-07-25T19:01:48.122084+02:00,1,10,false
2026-07-25T20:03:29.648029+02:00,0,10,false
2026-07-25T20:32:02.011171+02:00,0,10,false
2026-07-25T20:44:39.066025+02:00,0,10,false
2026-07-25T21:32:19.098466+02:00,0,10,false
2026-07-25T22:03:47.670791+02:00,0,10,false
2026-07-25T22:32:15.749245+02:00,0,10,false
2026-07-25T23:02:50.566661+02:00,0,10,false
2026-07-25T23:12:36.450274+02:00,0,10,false
2026-07-26T00:01:48.300472+02:00,0,10,false
2026-07-26T00:14:36.545495+02:00,0,10,false
2026-07-26T00:31:21.138299+02:00,0,10,false
2026-07-26T01:02:40.421070+02:00,0,10,false
2026-07-26T01:16:54.240795+02:00,0,10,false
2026-07-26T01:31:40.413895+02:00,0,10,false
2026-07-26T02:03:01.766484+02:00,0,10,false
2026-07-26T02:33:09.384025+02:00,0,10,false
2026-07-26T03:04:39.656969+02:00,0,10,false
2026-07-26T03:32:08.459470+02:00,0,10,false
2026-07-26T04:32:28.306531+02:00,0,10,false
2026-07-26T05:02:21.661142+02:00,0,10,false
2026-07-26T06:02:47.412373+02:00,0,10,false
2026-07-26T06:32:13.989537+02:00,0,10,false
2026-07-26T06:47:55.464332+02:00,0,10,false
2026-07-26T07:02:42.823342+02:00,0,10,false
2026-07-26T07:31:57.583494+02:00,0,10,false
2026-07-26T08:01:50.437020+02:00,0,10,false
2026-07-26T08:32:23.425905+02:00,0,10,false
2026-07-26T09:01:41.766881+02:00,0,10,false
2026-07-26T09:29:41.758346+02:00,0,10,false
2026-07-26T09:32:19.994591+02:00,0,10,false
2026-07-26T10:32:53.517453+02:00,0,10,false
2026-07-26T11:02:33.042190+02:00,0,10,false
2026-07-26T11:32:01.350992+02:00,0,10,false
2026-07-26T11:49:19.505846+02:00,0,10,false
2026-07-26T12:03:15.543543+02:00,0,10,false
2026-07-26T12:32:22.870666+02:00,0,10,false
2026-07-26T13:02:55.437778+02:00,0,10,false
2026-07-26T13:13:33.180537+02:00,0,10,false
2026-07-26T13:32:10.114129+02:00,0,10,false
2026-07-26T14:02:09.151034+02:00,0,10,false
2026-07-26T14:19:51.436113+02:00,0,10,false
2026-07-26T14:31:21.224927+02:00,0,10,false
2026-07-26T15:02:20.020184+02:00,0,10,false
2026-07-26T15:32:06.705249+02:00,0,10,false
2026-07-26T16:02:04.547311+02:00,0,10,false
2026-07-26T16:19:19.069717+02:00,0,10,false
2026-07-26T16:33:10.863742+02:00,2,10,false
2026-07-26T17:02:52.386908+02:00,0,10,false
2026-07-26T17:31:54.016257+02:00,0,10,false
2026-07-26T17:48:47.944316+02:00,0,10,false
2026-07-26T18:02:34.883010+02:00,0,10,false
2026-07-26T18:31:38.145437+02:00,0,10,false
2026-07-26T19:02:26.666601+02:00,0,10,false
2026-07-26T19:28:35.882560+02:00,0,10,false
2026-07-26T19:31:42.419344+02:00,0,10,false
2026-07-26T20:01:54.805726+02:00,0,10,false
2026-07-26T20:33:04.509188+02:00,0,10,false
2026-07-26T20:46:13.867092+02:00,0,10,false
2026-07-26T21:02:05.086206+02:00,0,10,false
2026-07-26T21:32:45.727283+02:00,0,10,false
2026-07-26T22:09:26.028617+02:00,1,10,false
2026-07-26T22:32:18.880154+02:00,0,10,false
2026-07-26T23:02:57.874760+02:00,0,10,false
2026-07-26T23:15:08.330145+02:00,0,10,false
2026-07-26T23:31:20.589937+02:00,0,10,false
2026-07-27T00:02:37.611543+02:00,0,10,false
2026-07-27T00:17:51.559160+02:00,0,10,false
2026-07-27T00:32:57.783584+02:00,0,10,false
2026-07-27T01:03:10.490322+02:00,0,10,false
2026-07-27T01:27:03.551271+02:00,0,10,false
2026-07-27T02:32:03.734275+02:00,0,10,false
2026-07-27T03:22:06.411887+02:00,0,10,false
2026-07-27T03:31:44.739836+02:00,0,10,false
2026-07-27T04:02:19.850305+02:00,0,10,false
2026-07-27T04:32:11.550359+02:00,0,10,false
2026-07-27T05:32:48.250520+02:00,0,10,false
2026-07-27T06:02:56.320818+02:00,0,10,false
2026-07-27T06:32:43.340102+02:00,0,10,false
2026-07-27T07:02:17.979320+02:00,0,10,false
2026-07-27T07:34:11.851371+02:00,0,10,false
2026-07-27T09:02:11.141795+02:00,0,10,false
2026-07-27T09:31:43.447294+02:00,0,10,false
2026-07-27T10:59:56.123123+02:00,8,10,false
2026-07-27T11:02:27.410396+02:00,10,10,true
2026-07-27T11:32:41.723250+02:00,9,10,false
2026-07-27T12:02:11.711815+02:00,0,10,false
2026-07-27T12:31:57.937153+02:00,0,10,false
2026-07-27T13:03:20.744275+02:00,1,10,false
2026-07-27T13:31:55.705662+02:00,1,10,false
2026-07-27T14:32:06.237332+02:00,0,10,false
2026-07-27T15:03:06.181021+02:00,0,10,false
2026-07-27T16:01:57.736780+02:00,6,10,false
2026-07-27T16:32:32.602955+02:00,2,10,false
2026-07-27T17:02:42.487886+02:00,1,10,false
2026-07-27T17:34:05.400142+02:00,0,10,false
2026-07-27T18:32:00.527008+02:00,0,10,false
2026-07-27T19:03:00.832736+02:00,0,10,false
2026-07-27T19:25:49.548426+02:00,0,10,false
2026-07-27T19:32:04.568525+02:00,0,10,false
2026-07-27T20:03:08.178804+02:00,0,10,false
2026-07-27T20:32:48.203573+02:00,0,10,false
2026-07-27T21:04:57.824563+02:00,1,10,false
2026-07-27T21:32:08.989866+02:00,1,10,false
2026-07-27T22:01:59.662755+02:00,0,10,false
2026-07-27T22:33:18.264262+02:00,0,10,false
2026-07-27T22:47:20.476442+02:00,0,10,false
2026-07-27T23:02:41.610277+02:00,0,10,false
2026-07-27T23:31:43.812502+02:00,0,10,false
2026-07-28T00:03:50.146220+02:00,0,10,false
2026-07-28T00:31:33.563636+02:00,0,10,false
2026-07-28T01:02:43.956539+02:00,0,10,false
2026-07-28T01:31:46.032906+02:00,0,10,false
2026-07-28T02:02:44.962129+02:00,0,10,false
2026-07-28T02:31:58.272356+02:00,0,10,false
2026-07-28T03:01:43.223786+02:00,0,10,false
2026-07-28T03:10:17.532243+02:00,0,10,false
2026-07-28T03:31:53.346960+02:00,0,10,false
2026-07-28T04:32:44.914991+02:00,0,10,false
2026-07-28T06:02:49.203245+02:00,0,10,false
2026-07-28T06:32:42.879617+02:00,0,10,false
2026-07-28T07:02:27.989380+02:00,0,10,false
2026-07-28T07:32:43.874420+02:00,0,10,false
2026-07-28T08:32:13.352421+02:00,0,10,false
2026-07-28T09:02:10.426907+02:00,0,10,false
2026-07-28T09:28:01.867332+02:00,0,10,false
2026-07-28T09:31:53.565783+02:00,0,10,false
2026-07-28T10:32:17.411565+02:00,0,10,false
2026-07-28T11:02:32.799657+02:00,0,10,false
2026-07-28T11:32:54.264794+02:00,8,10,false
2026-07-28T12:02:55.666626+02:00,6,10,false
2026-07-28T12:16:54.894385+02:00,9,10,false
2026-07-28T12:33:06.603076+02:00,0,10,false
2026-07-28T13:02:55.119029+02:00,2,10,false
2026-07-28T13:32:15.219526+02:00,0,10,false
2026-07-28T14:02:50.587773+02:00,2,10,false
2026-07-28T14:18:42.391002+02:00,0,10,false
2026-07-28T14:32:22.559351+02:00,0,10,false
2026-07-28T15:01:58.818842+02:00,0,10,false
2026-07-28T15:32:00.449685+02:00,0,10,false
2026-07-28T16:02:21.779384+02:00,0,10,false
2026-07-28T16:31:42.167217+02:00,0,10,false
2026-07-28T16:47:50.177721+02:00,0,10,false
2026-07-28T17:03:15.275574+02:00,0,10,false
2026-07-28T18:01:59.148776+02:00,0,10,false
2026-07-28T18:27:49.558528+02:00,0,10,false
2026-07-28T18:31:47.332610+02:00,1,10,false
2026-07-28T19:02:06.348641+02:00,0,10,false
2026-07-28T19:32:16.643153+02:00,0,10,false
2026-07-28T20:02:59.557162+02:00,0,10,false
2026-07-28T20:05:43.991396+02:00,0,10,false
2026-07-28T20:32:04.080723+02:00,0,10,false
2026-07-28T21:02:25.682314+02:00,0,10,false
2026-07-28T21:32:05.080690+02:00,0,10,false
2026-07-28T21:56:23.296821+02:00,0,10,false
2026-07-28T22:02:36.046185+02:00,0,10,false
2026-07-28T22:33:08.688770+02:00,0,10,false
2026-07-28T23:02:15.555566+02:00,0,10,false
2026-07-28T23:31:58.409596+02:00,0,10,false
2026-07-28T23:35:48.266294+02:00,0,10,false
2026-07-29T00:32:13.822378+02:00,0,10,false
2026-07-29T00:46:14.568542+02:00,0,10,false
2026-07-29T01:03:02.089581+02:00,0,10,false
2026-07-29T01:32:18.209189+02:00,0,10,false
2026-07-29T01:46:44.786021+02:00,0,10,false
2026-07-29T02:03:07.753907+02:00,0,10,false
2026-07-29T02:32:48.139238+02:00,0,10,false
2026-07-29T03:02:24.725363+02:00,0,10,false
2026-07-29T03:14:36.844003+02:00,0,10,false
2026-07-29T03:31:45.492843+02:00,0,10,false
2026-07-29T04:02:45.793799+02:00,0,10,false
2026-07-29T04:32:08.621657+02:00,0,10,false
2026-07-29T05:02:20.469559+02:00,0,10,false
2026-07-29T05:32:37.766736+02:00,0,10,false
2026-07-29T06:01:52.748358+02:00,0,10,false
2026-07-29T06:32:38.157870+02:00,0,10,false
2026-07-29T06:37:52.010329+02:00,0,10,false
2026-07-29T07:01:54.305828+02:00,0,10,false
2026-07-29T07:32:36.147054+02:00,0,10,false
2026-07-29T08:02:23.796356+02:00,0,10,false
2026-07-29T08:32:08.788047+02:00,0,10,false
2026-07-29T09:03:04.586855+02:00,0,10,false
2026-07-29T09:32:26.295907+02:00,0,10,false
2026-07-29T09:35:20.948458+02:00,0,10,false
2026-07-29T10:03:22.559162+02:00,0,10,false
2026-07-29T10:32:17.185291+02:00,0,10,false
2026-07-29T11:03:03.226451+02:00,0,10,false
2026-07-29T11:32:25.570021+02:00,0,10,false
2026-07-29T12:03:45.931628+02:00,1,10,false
2026-07-29T12:22:09.407361+02:00,0,10,false
2026-07-29T12:31:42.238232+02:00,0,10,false
2026-07-29T13:01:54.662955+02:00,1,10,false
2026-07-29T13:31:51.696563+02:00,0,10,false
2026-07-29T14:02:54.874299+02:00,0,10,false
2026-07-29T14:32:00.948261+02:00,0,10,false
2026-07-29T14:52:21.609158+02:00,0,10,false
2026-07-29T15:03:09.628137+02:00,1,10,false
2026-07-29T15:32:05.805701+02:00,0,10,false
2026-07-29T16:01:49.728248+02:00,0,10,false
2026-07-29T16:32:49.589824+02:00,0,10,false
2026-07-29T17:02:54.179120+02:00,0,10,false
2026-07-29T17:23:00.321840+02:00,0,10,false
2026-07-29T17:32:33.588831+02:00,0,10,false
2026-07-29T18:02:21.270579+02:00,0,10,false
2026-07-29T18:32:58.940017+02:00,0,10,false
2026-07-29T19:03:27.724561+02:00,0,10,false
2026-07-29T19:32:28.171783+02:00,0,10,false
2026-07-29T20:02:35.937687+02:00,1,10,false
2026-07-29T20:32:24.197701+02:00,0,10,false
2026-07-29T21:02:47.317588+02:00,0,10,false
2026-07-29T21:33:06.060760+02:00,0,10,false
2026-07-29T21:51:43.418957+02:00,0,10,false
2026-07-29T22:03:14.258990+02:00,0,10,false
2026-07-29T22:32:54.249501+02:00,0,10,false
2026-07-29T23:03:09.936173+02:00,0,10,false
2026-07-29T23:31:57.845751+02:00,0,10,false
2026-07-30T00:18:27.108408+02:00,0,10,false
2026-07-30T01:01:50.950495+02:00,0,10,false
2026-07-30T01:28:57.529337+02:00,0,10,false
2026-07-30T01:32:02.329151+02:00,0,10,false
2026-07-30T03:03:15.131142+02:00,0,10,false
2026-07-30T03:06:03.670475+02:00,0,10,false
2026-07-30T03:32:38.980416+02:00,0,10,false
2026-07-30T04:01:44.300662+02:00,0,10,false
2026-07-30T04:32:44.573672+02:00,0,10,false
2026-07-30T05:01:46.170427+02:00,0,10,false
2026-07-30T05:32:49.514847+02:00,0,10,false
2026-07-30T06:03:00.505936+02:00,0,10,false
2026-07-30T06:25:17.299925+02:00,0,10,false
2026-07-30T06:31:17.523126+02:00,0,10,false
2026-07-30T07:02:41.350714+02:00,0,10,false
2026-07-30T07:31:28.474193+02:00,0,10,false
2026-07-30T08:02:32.105443+02:00,0,10,false
2026-07-30T08:32:42.571210+02:00,0,10,false
2026-07-30T09:02:45.563733+02:00,0,10,false
2026-07-30T09:23:43.940122+02:00,0,10,false
2026-07-30T10:02:40.842233+02:00,0,10,false
2026-07-30T10:32:24.261315+02:00,0,10,false
2026-07-30T11:03:41.320155+02:00,0,10,false
2026-07-30T11:31:52.043932+02:00,0,10,false
2026-07-30T12:03:21.516811+02:00,0,10,false
2026-07-30T12:06:20.168586+02:00,0,10,false
2026-07-30T12:32:03.178227+02:00,0,10,false
2026-07-30T13:32:11.447322+02:00,0,10,false
2026-07-30T14:01:39.113346+02:00,0,10,false
2026-07-30T14:07:25.761800+02:00,0,10,false
2026-07-30T15:02:26.147701+02:00,0,10,false
2026-07-30T15:32:47.886731+02:00,0,10,false
2026-07-30T16:02:04.726666+02:00,0,10,false
2026-07-30T17:03:02.346385+02:00,0,10,false
2026-07-30T17:32:48.222275+02:00,2,10,false
2026-07-30T18:18:46.222186+02:00,0,10,false
2026-07-30T18:32:56.149029+02:00,0,10,false
2026-07-30T19:02:51.323763+02:00,0,10,false
2026-07-30T19:31:23.896987+02:00,0,10,false
2026-07-30T20:03:56.314360+02:00,0,10,false
2026-07-30T20:32:12.441343+02:00,0,10,false
2026-07-30T21:02:30.569998+02:00,0,10,false
2026-07-30T21:32:36.809061+02:00,0,10,false
2026-07-30T21:56:57.692869+02:00,0,10,false
2026-07-30T22:02:06.391100+02:00,0,10,false
2026-07-30T22:32:32.512400+02:00,0,10,false
2026-07-30T23:02:32.967741+02:00,0,10,false
2026-07-30T23:40:28.823173+02:00,0,10,false
2026-07-31T00:32:38.301932+02:00,0,10,false
2026-07-31T00:50:37.025671+02:00,0,10,false
2026-07-31T01:02:06.906668+02:00,0,10,false
2026-07-31T01:31:47.811947+02:00,0,10,false
2026-07-31T02:02:52.089153+02:00,0,10,false
2026-07-31T02:19:02.414822+02:00,0,10,false
2026-07-31T03:03:01.037942+02:00,0,10,false
2026-07-31T04:01:52.229954+02:00,0,10,false
2026-07-31T04:32:07.247255+02:00,0,10,false
2026-07-31T05:03:03.760494+02:00,0,10,false
2026-07-31T05:31:35.985714+02:00,0,10,false
2026-07-31T05:58:37.871792+02:00,0,10,false
2026-07-31T06:01:42.983782+02:00,0,10,false
2026-07-31T06:32:19.257785+02:00,0,10,false
2026-07-31T07:02:41.014419+02:00,0,10,false
2026-07-31T08:02:08.357961+02:00,0,10,false
2026-07-31T09:02:07.229627+02:00,0,10,false
2026-07-31T09:18:38.832991+02:00,0,10,false
2026-07-31T09:31:51.163064+02:00,0,10,false
2026-07-31T10:02:49.212125+02:00,0,10,false
2026-07-31T10:32:11.053467+02:00,1,10,false
2026-07-31T11:02:58.790479+02:00,1,10,false
2026-07-31T11:32:45.120677+02:00,1,10,false
2026-07-31T12:04:15.681905+02:00,0,10,false
2026-07-31T13:01:55.178309+02:00,0,10,false
2026-07-31T13:32:22.395499+02:00,0,10,false
2026-07-31T14:03:00.001194+02:00,0,10,false
2026-07-31T14:21:39.069905+02:00,0,10,false
2026-07-31T15:02:13.115064+02:00,0,10,false
2026-07-31T15:31:57.598332+02:00,0,10,false
2026-07-31T16:02:07.779396+02:00,0,10,false
2026-07-31T16:32:33.020189+02:00,0,10,false
2026-07-31T17:02:19.726649+02:00,0,10,false
2026-07-31T17:12:44.519084+02:00,0,10,false
2026-07-31T17:32:41.097901+02:00,0,10,false
2026-07-31T18:32:34.181272+02:00,0,10,false
2026-07-31T19:00:07.826067+02:00,0,10,false
2026-07-31T19:02:49.651304+02:00,0,10,false
2026-07-31T19:32:07.585646+02:00,0,10,false
2026-07-31T20:02:14.058495+02:00,2,10,false
2026-07-31T20:38:01.794099+02:00,1,10,false
2026-07-31T20:48:46.392301+02:00,0,10,false
2026-07-31T21:02:26.587268+02:00,0,10,false
2026-07-31T21:32:18.280783+02:00,0,10,false
2026-07-31T22:02:46.072382+02:00,0,10,false
2026-07-31T22:32:11.545140+02:00,0,10,false
2026-07-31T22:38:26.918271+02:00,0,10,false
2026-07-31T23:02:44.881048+02:00,0,10,false
2026-07-31T23:31:44.332321+02:00,0,10,false
2026-08-01T00:03:05.952126+02:00,0,10,false
2026-08-01T01:02:27.170484+02:00,0,10,false
2026-08-01T01:31:18.407267+02:00,0,10,false
2026-08-01T02:02:20.062988+02:00,0,10,false
2026-08-01T02:32:47.442382+02:00,0,10,false
2026-08-01T03:01:41.607110+02:00,0,10,false
2026-08-01T03:19:18.377504+02:00,0,10,false
2026-08-01T03:32:33.678255+02:00,0,10,false
2026-08-01T04:02:24.583280+02:00,0,10,false
2026-08-01T04:32:04.161577+02:00,0,10,false
2026-08-01T05:02:24.807542+02:00,0,10,false
2026-08-01T05:32:41.973539+02:00,0,10,false
2026-08-01T06:01:44.526558+02:00,0,10,false
2026-08-01T06:32:27.597848+02:00,0,10,false
2026-08-01T07:06:07.920728+02:00,2,10,false
2026-08-01T07:32:22.926501+02:00,4,10,false
2026-08-01T08:03:03.762142+02:00,0,10,false
2026-08-01T08:31:44.354041+02:00,0,10,false
2026-08-01T09:01:26.237940+02:00,0,10,false
2026-08-01T09:39:34.683687+02:00,1,10,false
2026-08-01T10:01:36.441499+02:00,0,10,false
2026-08-01T10:31:44.353964+02:00,0,10,false
2026-08-01T11:02:26.985657+02:00,0,10,false
2026-08-01T11:32:06.866084+02:00,0,10,false
2026-08-01T11:46:26.893140+02:00,0,10,false
2026-08-01T12:03:13.723451+02:00,0,10,false
2026-08-01T12:31:58.028595+02:00,0,10,false
2026-08-01T13:02:27.588283+02:00,0,10,false
2026-08-01T13:09:06.539414+02:00,0,10,false
2026-08-01T13:32:12.160535+02:00,0,10,false
2026-08-01T14:02:51.103060+02:00,0,10,false
2026-08-01T14:15:58.651963+02:00,0,10,false
2026-08-01T15:02:28.129648+02:00,0,10,false
2026-08-01T15:31:34.338942+02:00,0,10,false
2026-08-01T16:04:00.515065+02:00,0,10,false
2026-08-01T16:32:10.356168+02:00,0,10,false
2026-08-01T17:02:43.701826+02:00,0,10,false
2026-08-01T17:34:08.884236+02:00,0,10,false
2026-08-01T18:02:07.146831+02:00,3,10,false
2026-08-01T18:32:16.158378+02:00,3,10,false
2026-08-01T19:31:29.161265+02:00,0,10,false
2026-08-01T19:46:03.848124+02:00,0,10,false
2026-08-01T20:02:55.617987+02:00,0,10,false
2026-08-01T20:32:41.472231+02:00,0,10,false
2026-08-01T20:46:05.947059+02:00,0,10,false
2026-08-01T21:02:14.308073+02:00,0,10,false
2026-08-01T21:32:01.349940+02:00,0,10,false
2026-08-01T22:09:30.014785+02:00,0,10,false
2026-08-01T22:33:08.213666+02:00,0,10,false
2026-08-01T23:02:16.348615+02:00,0,10,false
2026-08-01T23:32:56.972198+02:00,0,10,false
2026-08-02T00:02:24.945515+02:00,0,10,false
2026-08-02T00:15:23.424907+02:00,0,10,false
2026-08-02T00:31:30.157480+02:00,0,10,false
2026-08-02T01:02:14.915966+02:00,0,10,false
2026-08-02T01:32:10.438417+02:00,0,10,false
2026-08-02T02:02:33.220500+02:00,0,10,false
2026-08-02T02:18:10.995948+02:00,1,10,false
2026-08-02T02:32:42.677533+02:00,0,10,false
2026-08-02T03:02:50.570042+02:00,0,10,false
2026-08-02T03:32:27.338338+02:00,0,10,false
2026-08-02T04:32:17.394641+02:00,0,10,false
2026-08-02T05:32:11.850534+02:00,0,10,false
2026-08-02T06:07:27.593235+02:00,0,10,false
2026-08-02T06:33:15.023460+02:00,0,10,false
2026-08-02T07:31:47.482377+02:00,0,10,false
2026-08-02T08:02:23.139531+02:00,0,10,false
2026-08-02T08:33:08.456247+02:00,0,10,false
2026-08-02T08:49:30.804052+02:00,0,10,false
2026-08-02T09:03:06.154701+02:00,0,10,false
2026-08-02T09:32:43.017091+02:00,0,10,false
2026-08-02T10:03:02.112679+02:00,0,10,false
2026-08-02T10:32:15.441434+02:00,0,10,false
2026-08-02T11:01:44.596661+02:00,0,10,false
2026-08-02T11:25:14.804078+02:00,3,10,false
2026-08-02T11:32:03.726142+02:00,6,10,false
2026-08-02T12:02:14.708958+02:00,4,10,false
2026-08-02T12:31:51.722599+02:00,2,10,false
2026-08-02T13:01:39.850563+02:00,4,10,false
2026-08-02T13:08:57.543814+02:00,4,10,false
2026-08-02T14:17:50.073558+02:00,0,10,false
2026-08-02T15:02:43.162733+02:00,0,10,false
2026-08-02T15:32:47.662372+02:00,0,10,false
2026-08-02T16:02:18.203719+02:00,0,10,false
2026-08-02T16:05:15.539749+02:00,0,10,false
2026-08-02T17:02:44.183428+02:00,0,10,false
2026-08-02T17:39:12.769721+02:00,0,10,false
2026-08-02T18:01:58.633497+02:00,0,10,false
2026-08-02T18:32:05.009233+02:00,0,10,false
2026-08-02T19:03:06.166017+02:00,0,10,false
2026-08-02T19:31:58.107257+02:00,2,10,false
2026-08-02T19:47:43.281258+02:00,2,10,false
2026-08-02T20:02:36.763272+02:00,1,10,false
2026-08-02T20:32:49.764693+02:00,0,10,false
2026-08-02T20:46:11.884520+02:00,0,10,false
2026-08-02T21:02:27.226920+02:00,0,10,false
2026-08-02T21:33:09.257509+02:00,0,10,false
2026-08-02T22:10:44.748705+02:00,0,10,false
2026-08-02T22:32:48.952215+02:00,0,10,false
2026-08-02T23:02:38.959575+02:00,0,10,false
2026-08-02T23:12:59.915779+02:00,0,10,false
2026-08-02T23:32:48.959815+02:00,0,10,false
2026-08-03T00:02:19.234966+02:00,0,10,false
2026-08-03T00:14:43.055425+02:00,0,10,false
2026-08-03T01:02:33.890072+02:00,0,10,false
2026-08-03T01:17:34.640403+02:00,0,10,false
2026-08-03T01:31:45.076158+02:00,0,10,false
2026-08-03T02:02:54.448720+02:00,0,10,false
2026-08-03T02:32:42.780417+02:00,0,10,false
2026-08-03T04:02:20.713521+02:00,0,10,false
2026-08-03T04:32:11.344491+02:00,0,10,false
2026-08-03T05:02:58.111476+02:00,0,10,false
2026-08-03T05:32:15.964842+02:00,0,10,false
2026-08-03T06:01:29.188644+02:00,0,10,false
2026-08-03T06:52:17.398932+02:00,0,10,false
2026-08-03T07:02:25.783583+02:00,0,10,false
2026-08-03T07:32:46.261663+02:00,0,10,false
2026-08-03T08:01:37.925266+02:00,0,10,false
2026-08-03T09:02:09.179296+02:00,0,10,false
2026-08-03T10:02:19.676308+02:00,1,10,false
2026-08-03T10:32:46.029294+02:00,1,10,false
2026-08-03T10:45:17.913866+02:00,0,10,false
2026-08-03T11:04:34.602585+02:00,3,10,false
2026-08-03T11:31:58.969143+02:00,1,10,false
2026-08-03T12:02:09.915990+02:00,3,10,false
2026-08-03T12:32:55.262325+02:00,0,10,false
2026-08-03T13:01:56.433336+02:00,0,10,false
2026-08-03T13:32:41.542981+02:00,1,10,false
2026-08-03T14:01:37.119417+02:00,0,10,false
2026-08-03T14:04:22.680294+02:00,0,10,false
2026-08-03T14:32:44.842129+02:00,0,10,false
2026-08-03T15:01:46.767863+02:00,0,10,false
2026-08-03T15:32:54.458462+02:00,1,10,false
2026-08-03T16:03:08.457339+02:00,0,10,false
2026-08-03T16:33:01.526152+02:00,0,10,false
2026-08-03T17:02:26.421147+02:00,0,10,false
2026-08-03T17:21:10.260194+02:00,0,10,false
2026-08-03T17:32:56.094470+02:00,0,10,false
2026-08-03T18:02:29.203000+02:00,2,10,false
2026-08-03T18:31:32.393301+02:00,0,10,false
2026-08-03T20:02:27.373281+02:00,0,10,false
2026-08-03T20:32:36.630782+02:00,0,10,false
2026-08-03T21:12:25.956590+02:00,0,10,false
2026-08-03T21:31:45.348334+02:00,0,10,false
2026-08-03T22:33:06.431278+02:00,0,10,false
2026-08-03T22:41:12.066566+02:00,0,10,false
2026-08-03T23:01:32.821289+02:00,0,10,false
2026-08-03T23:32:07.669599+02:00,0,10,false
2026-08-03T23:54:16.703368+02:00,0,10,false
2026-08-04T00:31:47.214143+02:00,0,10,false
2026-08-04T01:02:23.198687+02:00,0,10,false
2026-08-04T01:33:39.933606+02:00,0,10,false
2026-08-04T02:02:45.146236+02:00,0,10,false
2026-08-04T02:32:07.992291+02:00,0,10,false
2026-08-04T03:02:07.778677+02:00,0,10,false
2026-08-04T03:10:58.238866+02:00,0,10,false
2026-08-04T03:31:57.055214+02:00,0,10,false
2026-08-04T04:32:24.891529+02:00,0,10,false
2026-08-04T05:03:05.908768+02:00,0,10,false
2026-08-04T05:32:11.445490+02:00,0,10,false
2026-08-04T06:01:35.333766+02:00,0,10,false
2026-08-04T06:32:20.519218+02:00,0,10,false
2026-08-04T07:02:47.405825+02:00,0,10,false
2026-08-04T07:31:26.674462+02:00,1,10,false
2026-08-04T08:03:01.432446+02:00,0,10,false
2026-08-04T08:32:19.431327+02:00,0,10,false
2026-08-04T09:02:27.983576+02:00,1,10,false
2026-08-04T09:28:27.289564+02:00,0,10,false
2026-08-04T10:02:54.335071+02:00,0,10,false
2026-08-04T10:31:32.436784+02:00,1,10,false
2026-08-04T11:31:50.016161+02:00,0,10,false
2026-08-04T12:22:50.081545+02:00,0,10,false
2026-08-04T12:32:18.364783+02:00,0,10,false
2026-08-04T13:01:45.482566+02:00,0,10,false
2026-08-04T13:31:27.515423+02:00,0,10,false
2026-08-04T14:34:34.979982+02:00,0,10,false
2026-08-04T15:02:15.155952+02:00,0,10,false
2026-08-04T15:31:45.725300+02:00,0,10,false
2026-08-04T16:31:54.776960+02:00,2,10,false
2026-08-04T17:02:40.036243+02:00,0,10,false
2026-08-04T17:13:17.429371+02:00,0,10,false
2026-08-04T17:32:29.030250+02:00,0,10,false
2026-08-04T18:02:32.120112+02:00,0,10,false
2026-08-04T18:32:48.985001+02:00,0,10,false
2026-08-04T19:03:02.082669+02:00,0,10,false
2026-08-04T19:07:43.620173+02:00,0,10,false
2026-08-04T19:31:31.110862+02:00,0,10,false
2026-08-04T20:02:36.380295+02:00,0,10,false
2026-08-04T20:32:53.629792+02:00,0,10,false
2026-08-04T21:06:14.443597+02:00,0,10,false
2026-08-04T21:32:26.545384+02:00,2,10,false
2026-08-04T22:02:18.056979+02:00,2,10,false
2026-08-04T22:32:30.434089+02:00,0,10,false
2026-08-04T23:32:18.495682+02:00,0,10,false
2026-08-05T00:02:18.226338+02:00,0,10,false
2026-08-05T00:32:14.943645+02:00,0,10,false
2026-08-05T01:02:51.718160+02:00,0,10,false
2026-08-05T01:29:53.981294+02:00,0,10,false
2026-08-05T02:32:07.805414+02:00,0,10,false
2026-08-05T03:02:10.511619+02:00,0,10,false
2026-08-05T03:10:33.076678+02:00,0,10,false
2026-08-05T03:33:07.753859+02:00,0,10,false
2026-08-05T04:02:43.235534+02:00,0,10,false
2026-08-05T04:32:18.522815+02:00,0,10,false
2026-08-05T05:03:01.410350+02:00,0,10,false
2026-08-05T05:33:05.156432+02:00,0,10,false
2026-08-05T06:01:31.893739+02:00,0,10,false
2026-08-05T06:31:52.081939+02:00,0,10,false
2026-08-05T07:01:38.561007+02:00,0,10,false
2026-08-05T07:32:56.082193+02:00,0,10,false
2026-08-05T08:03:46.137812+02:00,1,10,false
2026-08-05T08:31:32.659295+02:00,0,10,false
2026-08-05T09:01:52.811024+02:00,0,10,false
2026-08-05T09:27:56.781402+02:00,0,10,false
2026-08-05T09:32:31.320782+02:00,0,10,false
2026-08-05T10:01:45.446869+02:00,0,10,false
2026-08-05T10:31:22.025150+02:00,1,10,false
2026-08-05T11:01:54.954197+02:00,1,10,false
2026-08-05T11:31:32.183424+02:00,1,10,false
2026-08-05T12:18:20.408237+02:00,0,10,false
2026-08-05T12:32:03.115162+02:00,0,10,false
2026-08-05T13:03:08.133064+02:00,0,10,false
2026-08-05T13:31:47.264161+02:00,1,10,false
2026-08-05T14:02:14.307441+02:00,0,10,false
2026-08-05T14:21:43.625261+02:00,0,10,false
2026-08-05T14:32:22.096809+02:00,0,10,false
2026-08-05T15:02:40.082688+02:00,0,10,false
2026-08-05T15:32:01.850562+02:00,2,10,false
2026-08-05T16:02:24.135451+02:00,0,10,false
2026-08-05T16:32:58.014634+02:00,0,10,false
2026-08-05T17:02:51.958259+02:00,1,10,false
2026-08-05T17:31:47.831222+02:00,0,10,false
2026-08-05T18:02:35.390488+02:00,0,10,false
2026-08-05T18:32:43.855973+02:00,0,10,false
2026-08-05T18:56:12.730387+02:00,0,10,false
2026-08-05T19:03:29.311855+02:00,0,10,false
2026-08-05T19:31:37.862758+02:00,0,10,false
2026-08-05T20:01:57.840283+02:00,0,10,false
2026-08-05T20:32:47.625656+02:00,0,10,false
2026-08-05T20:57:05.436770+02:00,0,10,false
2026-08-05T21:01:59.803543+02:00,0,10,false
2026-08-05T22:41:57.237466+02:00,1,10,false
2026-08-05T23:02:02.020437+02:00,1,10,false
2026-08-05T23:32:11.566757+02:00,0,10,false
2026-08-06T00:03:26.882412+02:00,0,10,false
2026-08-06T00:31:53.724269+02:00,0,10,false
2026-08-06T01:02:06.945379+02:00,0,10,false
2026-08-06T01:26:44.761716+02:00,0,10,false
2026-08-06T01:31:22.468744+02:00,0,10,false
2026-08-06T02:02:17.616429+02:00,0,10,false
2026-08-06T02:32:53.434350+02:00,0,10,false
2026-08-06T03:02:31.664551+02:00,0,10,false
2026-08-06T03:09:32.803828+02:00,0,10,false
2026-08-06T03:32:23.973941+02:00,0,10,false
2026-08-06T04:02:11.911513+02:00,0,10,false
2026-08-06T05:02:09.373230+02:00,1,10,false
2026-08-06T05:31:47.295130+02:00,0,10,false
2026-08-06T06:02:40.828703+02:00,0,10,false
2026-08-06T06:34:36.501422+02:00,0,10,false
2026-08-06T07:02:07.054604+02:00,0,10,false
2026-08-06T07:32:13.256138+02:00,0,10,false
2026-08-06T08:02:13.671318+02:00,0,10,false
2026-08-06T09:29:17.159627+02:00,0,10,false
2026-08-06T09:31:43.374973+02:00,0,10,false
2026-08-06T10:02:48.595308+02:00,0,10,false
2026-08-06T10:32:32.567222+02:00,0,10,false
2026-08-06T11:01:55.268104+02:00,0,10,false
2026-08-06T11:32:05.297347+02:00,1,10,false
2026-08-06T12:02:20.131620+02:00,0,10,false
2026-08-06T12:18:45.696670+02:00,0,10,false
2026-08-06T12:33:01.058069+02:00,0,10,false
2026-08-06T13:02:56.978819+02:00,0,10,false
2026-08-06T13:32:44.867901+02:00,0,10,false
2026-08-06T14:01:59.273672+02:00,0,10,false
2026-08-06T14:35:16.354690+02:00,0,10,false
2026-08-06T15:02:07.848420+02:00,0,10,false
2026-08-06T15:33:00.574221+02:00,0,10,false
2026-08-06T16:03:04.287139+02:00,0,10,false
2026-08-06T16:34:07.695973+02:00,0,10,false
2026-08-06T17:04:10.501645+02:00,0,10,false
2026-08-06T17:34:52.703963+02:00,0,10,false
2026-08-06T19:35:00.690599+02:00,0,10,false
2026-08-06T22:32:19.347640+02:00,0,10,false
2026-08-06T23:32:35.333479+02:00,0,10,false
2026-08-07T00:02:03.845327+02:00,0,10,false
2026-08-07T00:32:14.580191+02:00,0,10,false
2026-08-07T01:03:25.037692+02:00,0,10,false
2026-08-07T01:31:51.883394+02:00,0,10,false
2026-08-07T02:02:48.332671+02:00,0,10,false
2026-08-07T02:31:36.270592+02:00,0,10,false
2026-08-07T02:35:15.590900+02:00,0,10,false
2026-08-07T03:02:09.433467+02:00,0,10,false
2026-08-07T03:32:53.452321+02:00,0,10,false
2026-08-07T04:02:35.578809+02:00,0,10,false
2026-08-07T04:32:11.238208+02:00,0,10,false
2026-08-07T05:01:43.008493+02:00,0,10,false
2026-08-07T05:31:26.898154+02:00,0,10,false
2026-08-07T05:41:16.314606+02:00,0,10,false
2026-08-07T06:02:45.534675+02:00,0,10,false
2026-08-07T06:32:06.052278+02:00,0,10,false
2026-08-07T07:02:25.157841+02:00,0,10,false
2026-08-07T07:26:31.716136+02:00,0,10,false
2026-08-07T07:32:36.641071+02:00,0,10,false
2026-08-07T08:01:32.216402+02:00,0,10,false
2026-08-07T08:55:28.499704+02:00,0,10,false
2026-08-07T09:02:24.223193+02:00,0,10,false
2026-08-07T09:31:55.685844+02:00,1,10,false
2026-08-07T10:03:22.545846+02:00,0,10,false
2026-08-07T10:34:26.530225+02:00,0,10,false
2026-08-07T11:01:50.972984+02:00,0,10,false
2026-08-07T11:33:03.767254+02:00,0,10,false
2026-08-07T12:02:56.577137+02:00,0,10,false
2026-08-07T12:31:33.143328+02:00,0,10,false
2026-08-07T12:39:41.844381+02:00,0,10,false
2026-08-07T13:35:04.348936+02:00,0,10,false
2026-08-07T14:03:08.970240+02:00,0,10,false
2026-08-07T14:32:18.461278+02:00,0,10,false
2026-08-07T15:01:53.779102+02:00,0,10,false
2026-08-07T15:32:04.850245+02:00,0,10,false
2026-08-07T16:04:04.075653+02:00,0,10,false
2026-08-07T16:32:44.483457+02:00,0,10,false
2026-08-07T17:02:07.077329+02:00,0,10,false
2026-08-07T17:13:07.727431+02:00,0,10,false
2026-08-07T17:33:12.889536+02:00,0,10,false
2026-08-07T18:01:48.542769+02:00,0,10,false
2026-08-07T18:12:47.487292+02:00,0,10,false
2026-08-07T18:32:46.889712+02:00,0,10,false
2026-08-07T19:02:53.602175+02:00,0,10,false
2026-08-07T19:13:07.042938+02:00,0,10,false
2026-08-07T20:02:14.097601+02:00,0,10,false
2026-08-07T20:06:48.971056+02:00,0,10,false
2026-08-07T20:32:40.863369+02:00,0,10,false
2026-08-07T21:23:12.690392+02:00,0,10,false
2026-08-07T21:32:22.272652+02:00,1,10,false
2026-08-07T22:25:40.265589+02:00,1,10,false
2026-08-07T22:32:27.359215+02:00,0,10,false
2026-08-07T23:01:45.130566+02:00,0,10,false
2026-08-07T23:24:57.780128+02:00,0,10,false
2026-08-07T23:31:37.186009+02:00,0,10,false
2026-08-08T00:02:31.140919+02:00,0,10,false
2026-08-08T00:21:06.991172+02:00,0,10,false
2026-08-08T00:32:08.402810+02:00,0,10,false
2026-08-08T01:02:04.397015+02:00,1,10,false
2026-08-08T01:20:36.754658+02:00,0,10,false
2026-08-08T01:32:09.164570+02:00,0,10,false
2026-08-08T02:01:48.027222+02:00,0,10,false
2026-08-08T02:40:28.529210+02:00,0,10,false
2026-08-08T03:01:44.074398+02:00,0,10,false
2026-08-08T03:32:31.043953+02:00,0,10,false
2026-08-08T04:02:17.077823+02:00,0,10,false
2026-08-08T04:32:39.936928+02:00,0,10,false
2026-08-08T04:46:55.282213+02:00,0,10,false
2026-08-08T05:31:39.272885+02:00,0,10,false
2026-08-08T06:08:46.037998+02:00,0,10,false
2026-08-08T06:32:40.947277+02:00,0,10,false
2026-08-08T07:02:15.828037+02:00,0,10,false
2026-08-08T07:32:38.934063+02:00,0,10,false
2026-08-08T08:22:30.039056+02:00,0,10,false
2026-08-08T08:31:12.590041+02:00,0,10,false
2026-08-08T09:01:09.943230+02:00,0,10,false
2026-08-08T09:19:07.880151+02:00,0,10,false
2026-08-08T09:31:31.519558+02:00,0,10,false
2026-08-08T10:01:19.058379+02:00,0,10,false
2026-08-08T10:22:48.757274+02:00,0,10,false
2026-08-08T10:31:35.283226+02:00,0,10,false
2026-08-08T11:01:26.385371+02:00,0,10,false
2026-08-08T11:23:36.289203+02:00,0,10,false
2026-08-08T11:31:55.609596+02:00,0,10,false
2026-08-08T12:02:28.684089+02:00,0,10,false
2026-08-08T12:15:50.803128+02:00,0,10,false
2026-08-08T12:32:15.313532+02:00,0,10,false
2026-08-08T12:55:55.582370+02:00,0,10,false
2026-08-08T13:00:50.422448+02:00,0,10,false
2026-08-08T13:31:42.682464+02:00,0,10,false
2026-08-08T13:47:44.261303+02:00,0,10,false
2026-08-08T14:02:11.694983+02:00,0,10,false
2026-08-08T14:18:29.593468+02:00,0,10,false
2026-08-08T14:31:13.972270+02:00,0,10,false
2026-08-08T15:01:31.605954+02:00,0,10,false
2026-08-08T15:31:40.120443+02:00,0,10,false
2026-08-08T15:34:51.224541+02:00,0,10,false
2026-08-08T16:01:10.090757+02:00,0,10,false
2026-08-08T16:19:24.515522+02:00,0,10,false
2026-08-08T16:30:54.834905+02:00,0,10,false
2026-08-08T17:01:20.088153+02:00,0,10,false
2026-08-08T17:14:15.824393+02:00,0,10,false
2026-08-08T17:31:04.265965+02:00,0,10,false
2026-08-08T17:50:49.365220+02:00,0,10,false
2026-08-08T18:02:30.659531+02:00,0,10,false
2026-08-08T18:32:10.860672+02:00,0,10,false
2026-08-08T18:55:41.521970+02:00,0,10,false
2026-08-08T19:01:30.063751+02:00,0,10,false
2026-08-08T19:31:37.075246+02:00,0,10,false
2026-08-08T19:50:07.712899+02:00,0,10,false
2026-08-08T20:01:49.066859+02:00,0,10,false
2026-08-08T20:30:59.138764+02:00,0,10,false
2026-08-08T21:01:11.364607+02:00,0,10,false
2026-08-08T21:03:29.006929+02:00,0,10,false
2026-08-08T21:31:46.421744+02:00,0,10,false
2026-08-08T21:48:47.098243+02:00,0,10,false
2026-08-08T22:00:54.482587+02:00,1,10,false
2026-08-08T22:13:15.209828+02:00,0,10,false
2026-08-08T22:32:01.985372+02:00,0,10,false
2026-08-08T22:52:55.414007+02:00,0,10,false
2026-08-08T23:01:47.454941+02:00,0,10,false
2026-08-08T23:31:00.994365+02:00,0,10,false
2026-08-08T23:50:08.815186+02:00,0,10,false
2026-08-09T00:01:07.968050+02:00,0,10,false
2026-08-09T00:31:44.857004+02:00,0,10,false
2026-08-09T00:50:40.095464+02:00,0,10,false
2026-08-09T01:01:06.596713+02:00,0,10,false
2026-08-09T01:31:51.967824+02:00,0,10,false
2026-08-09T01:48:19.529644+02:00,0,10,false
2026-08-09T02:01:12.524696+02:00,0,10,false
2026-08-09T02:31:41.207666+02:00,0,10,false
2026-08-09T03:01:51.642567+02:00,0,10,false
2026-08-09T03:31:21.574834+02:00,0,10,false
2026-08-09T04:01:51.923756+02:00,0,10,false
2026-08-09T04:30:59.817674+02:00,0,10,false
2026-08-09T04:32:26.221873+02:00,0,10,false
2026-08-09T05:00:58.144588+02:00,0,10,false
2026-08-09T05:31:30.755062+02:00,0,10,false
2026-08-09T06:01:04.085306+02:00,0,10,false
2026-08-09T06:05:39.246956+02:00,0,10,false
2026-08-09T06:31:19.269181+02:00,0,10,false
2026-08-09T07:00:55.477964+02:00,0,10,false
2026-08-09T07:26:08.990748+02:00,0,10,false
2026-08-09T07:32:02.500245+02:00,0,10,false
2026-08-09T08:01:09.718657+02:00,0,10,false
2026-08-09T08:31:25.472542+02:00,0,10,false
2026-08-09T09:01:03.655218+02:00,0,10,false
2026-08-09T09:30:55.398225+02:00,0,10,false
2026-08-09T09:41:29.481805+02:00,0,10,false
2026-08-09T10:01:59.046944+02:00,0,10,false
2026-08-09T10:25:47.699739+02:00,0,10,false
2026-08-09T10:30:50.115425+02:00,0,10,false
2026-08-09T11:01:19.570090+02:00,0,10,false
2026-08-09T11:25:27.689508+02:00,0,10,false
2026-08-09T11:31:41.271114+02:00,0,10,false
2026-08-09T12:00:48.048372+02:00,0,10,false
2026-08-09T12:17:43.600614+02:00,0,10,false
2026-08-09T12:31:43.556931+02:00,0,10,false
2026-08-09T12:58:57.213859+02:00,0,10,false
2026-08-09T13:01:30.383476+02:00,0,10,false
2026-08-09T13:31:22.350916+02:00,0,10,false
2026-08-09T13:49:52.729431+02:00,0,10,false
2026-08-09T14:00:53.597992+02:00,0,10,false
2026-08-09T14:31:51.873269+02:00,0,10,false
2026-08-09T15:01:34.981281+02:00,0,10,false
2026-08-09T15:18:49.371467+02:00,0,10,false
2026-08-09T15:31:50.284515+02:00,0,10,false
2026-08-09T16:01:56.777895+02:00,0,10,false
2026-08-09T16:21:41.090156+02:00,0,10,false
2026-08-09T16:31:29.359916+02:00,0,10,false
2026-08-09T17:01:33.769392+02:00,0,10,false
2026-08-09T17:15:12.090416+02:00,0,10,false
2026-08-09T17:31:00.000765+02:00,0,10,false
2026-08-09T17:52:01.907449+02:00,2,10,false
2026-08-09T18:01:45.603178+02:00,0,10,false
2026-08-09T18:31:42.842911+02:00,0,10,false
2026-08-09T18:58:47.928513+02:00,0,10,false
2026-08-09T19:01:09.708265+02:00,0,10,false
2026-08-09T19:31:46.146947+02:00,0,10,false
2026-08-09T19:51:10.747420+02:00,0,10,false
2026-08-09T20:02:04.663082+02:00,0,10,false
2026-08-09T20:32:05.175866+02:00,0,10,false
2026-08-09T21:01:28.506062+02:00,0,10,false
2026-08-09T21:05:50.307435+02:00,0,10,false
2026-08-09T21:31:22.072398+02:00,0,10,false
2026-08-09T21:51:55.398116+02:00,0,10,false
2026-08-09T22:00:54.511902+02:00,0,10,false
2026-08-09T22:32:16.769413+02:00,0,10,false
2026-08-09T22:55:28.575903+02:00,0,10,false
2026-08-09T23:01:48.613425+02:00,0,10,false
2026-08-09T23:31:02.651318+02:00,0,10,false
2026-08-09T23:51:10.304812+02:00,0,10,false
2026-08-10T00:01:55.796116+02:00,0,10,false
2026-08-10T00:31:58.068592+02:00,0,10,false
2026-08-10T00:53:56.795133+02:00,0,10,false
2026-08-10T01:01:16.182708+02:00,0,10,false
2026-08-10T01:31:26.505203+02:00,0,10,false
2026-08-10T01:51:38.873419+02:00,0,10,false
2026-08-10T02:02:16.702319+02:00,0,10,false
2026-08-10T02:32:05.451846+02:00,0,10,false
2026-08-10T03:01:53.752377+02:00,0,10,false
2026-08-10T03:31:16.034595+02:00,0,10,false
2026-08-10T04:01:55.636409+02:00,0,10,false
2026-08-10T04:31:53.324359+02:00,0,10,false
2026-08-10T04:37:57.443112+02:00,0,10,false
2026-08-10T05:01:41.798528+02:00,0,10,false
2026-08-10T05:31:28.745180+02:00,0,10,false
2026-08-10T06:01:30.611724+02:00,0,10,false
2026-08-10T06:19:09.883912+02:00,0,10,false
2026-08-10T06:31:22.681806+02:00,0,10,false
2026-08-10T07:01:59.976557+02:00,0,10,false
2026-08-10T07:31:08.744862+02:00,0,10,false
2026-08-10T08:01:28.198370+02:00,0,10,false
2026-08-10T08:04:14.291146+02:00,0,10,false
2026-08-10T08:32:05.059231+02:00,0,10,false
2026-08-10T09:01:10.382773+02:00,0,10,false
2026-08-10T09:32:47.538659+02:00,0,10,false
2026-08-10T10:01:26.260615+02:00,0,10,false
2026-08-10T10:08:46.364828+02:00,0,10,false
2026-08-10T10:31:08.297224+02:00,0,10,false
2026-08-10T11:02:24.254668+02:00,0,10,false
2026-08-10T11:32:15.217316+02:00,0,10,false
2026-08-10T11:52:59.580420+02:00,0,10,false
2026-08-10T12:01:38.495574+02:00,0,10,false
2026-08-10T12:31:39.753887+02:00,0,10,false
2026-08-10T13:01:51.438390+02:00,0,10,false
2026-08-10T13:29:13.709234+02:00,0,10,false
2026-08-10T13:32:18.804806+02:00,0,10,false
2026-08-10T14:01:24.879179+02:00,0,10,false
2026-08-10T14:31:46.754589+02:00,0,10,false
2026-08-10T14:34:42.318417+02:00,0,10,false
2026-08-10T15:01:45.857745+02:00,0,10,false
2026-08-10T15:31:21.048038+02:00,0,10,false
2026-08-10T16:01:05.579167+02:00,0,10,false
2026-08-10T16:08:17.069696+02:00,0,10,false
2026-08-10T16:31:44.249515+02:00,0,10,false
2026-08-10T17:02:20.087573+02:00,0,10,false
2026-08-10T17:27:07.418695+02:00,1,10,false
2026-08-10T17:31:40.289570+02:00,2,10,false
2026-08-10T18:01:32.601898+02:00,4,10,false
2026-08-10T18:31:33.942987+02:00,1,10,false
2026-08-10T18:38:24.733229+02:00,0,10,false
2026-08-10T19:02:28.946771+02:00,0,10,false
2026-08-10T19:31:14.635715+02:00,0,10,false
2026-08-10T19:40:28.283869+02:00,0,10,false
2026-08-10T20:01:36.749434+02:00,0,10,false
2026-08-10T20:31:49.789792+02:00,0,10,false
2026-08-10T20:37:36.598403+02:00,0,10,false
2026-08-10T21:01:06.399061+02:00,0,10,false
2026-08-10T21:31:19.735554+02:00,1,10,false
2026-08-10T21:44:24.139969+02:00,0,10,false
2026-08-10T22:01:07.237801+02:00,0,10,false
2026-08-10T22:27:19.979399+02:00,0,10,false
2026-08-10T22:31:42.678166+02:00,0,10,false
2026-08-10T23:01:17.182332+02:00,0,10,false
2026-08-10T23:27:41.804831+02:00,0,10,false
2026-08-10T23:31:56.154610+02:00,0,10,false
2026-08-11T00:01:23.903328+02:00,0,10,false
2026-08-11T00:22:06.100968+02:00,0,10,false
2026-08-11T00:32:01.993292+02:00,0,10,false
2026-08-11T01:02:04.048700+02:00,0,10,false
2026-08-11T01:20:15.945806+02:00,0,10,false
2026-08-11T01:32:12.786274+02:00,0,10,false
2026-08-11T02:01:22.819074+02:00,0,10,false
2026-08-11T02:30:52.463337+02:00,0,10,false
2026-08-11T02:37:12.894213+02:00,0,10,false
2026-08-11T03:01:15.803515+02:00,0,10,false
2026-08-11T03:31:52.163219+02:00,0,10,false
2026-08-11T04:01:59.644132+02:00,0,10,false
2026-08-11T04:31:16.444442+02:00,0,10,false
2026-08-11T04:55:19.736139+02:00,0,10,false
2026-08-11T05:01:56.181466+02:00,0,10,false
2026-08-11T05:31:12.861863+02:00,0,10,false
2026-08-11T06:01:10.641452+02:00,0,10,false
2026-08-11T06:31:33.282633+02:00,0,10,false
2026-08-11T06:44:05.161402+02:00,0,10,false
2026-08-11T07:01:49.645091+02:00,0,10,false
2026-08-11T07:31:43.453789+02:00,0,10,false
2026-08-11T07:44:06.771180+02:00,0,10,false
2026-08-11T08:01:15.234169+02:00,0,10,false
2026-08-11T08:31:25.944548+02:00,0,10,false
2026-08-11T08:40:07.805770+02:00,0,10,false
2026-08-11T09:01:02.737284+02:00,2,10,false
2026-08-11T09:31:11.022799+02:00,1,10,false
2026-08-11T09:59:32.438743+02:00,1,10,false
2026-08-11T10:02:07.496003+02:00,0,10,false
2026-08-11T10:31:25.977993+02:00,0,10,false
2026-08-11T11:01:27.737991+02:00,0,10,false
2026-08-11T11:16:37.100406+02:00,0,10,false
2026-08-11T11:31:33.096643+02:00,0,10,false
2026-08-11T12:01:12.150827+02:00,0,10,false
2026-08-11T12:15:48.287125+02:00,0,10,false
2026-08-11T12:31:34.021914+02:00,0,10,false
2026-08-11T13:01:45.085693+02:00,0,10,false
2026-08-11T13:09:31.861715+02:00,0,10,false
2026-08-11T13:31:55.485422+02:00,0,10,false
2026-08-11T14:04:03.449510+02:00,0,10,false
2026-08-11T14:30:54.644778+02:00,0,10,false
2026-08-11T15:02:03.444562+02:00,0,10,false
2026-08-11T15:31:56.611299+02:00,1,10,false
2026-08-11T15:47:56.479135+02:00,0,10,false
2026-08-11T16:02:31.070175+02:00,0,10,false
2026-08-11T16:31:27.047454+02:00,3,10,false
2026-08-11T16:47:59.646459+02:00,3,10,false
2026-08-11T17:02:00.886167+02:00,1,10,false
2026-08-11T17:31:31.607766+02:00,1,10,false
2026-08-11T17:44:52.730840+02:00,0,10,false
2026-08-11T18:02:16.589388+02:00,1,10,false
2026-08-11T18:32:18.173418+02:00,0,10,false
2026-08-11T18:42:05.650632+02:00,0,10,false
2026-08-11T19:01:55.998858+02:00,0,10,false
2026-08-11T19:30:53.313777+02:00,0,10,false
2026-08-11T19:44:10.904262+02:00,0,10,false
2026-08-11T20:01:59.122330+02:00,0,10,false
2026-08-11T20:31:47.890184+02:00,0,10,false
2026-08-11T20:40:54.421435+02:00,0,10,false
2026-08-11T21:00:54.141295+02:00,0,10,false
2026-08-11T21:31:27.768515+02:00,0,10,false
2026-08-11T21:50:45.589316+02:00,0,10,false
2026-08-11T22:01:45.524173+02:00,0,10,false
2026-08-11T22:31:39.116359+02:00,0,10,false
2026-08-11T23:02:02.822653+02:00,0,10,false
2026-08-11T23:07:54.169863+02:00,0,10,false
2026-08-11T23:32:18.915106+02:00,0,10,false
2026-08-12T00:01:38.050857+02:00,0,10,false
2026-08-12T00:07:39.434663+02:00,0,10,false
2026-08-12T00:31:02.168044+02:00,0,10,false
2026-08-12T01:01:43.345910+02:00,0,10,false
2026-08-12T01:06:23.041060+02:00,0,10,false
2026-08-12T01:31:19.271432+02:00,0,10,false
2026-08-12T02:04:10.631582+02:00,0,10,false
2026-08-12T02:32:02.159612+02:00,0,10,false
2026-08-12T03:01:29.617664+02:00,0,10,false
2026-08-12T03:32:02.577485+02:00,0,10,false
2026-08-12T04:01:08.276573+02:00,0,10,false
2026-08-12T04:30:42.823193+02:00,0,10,false
2026-08-12T04:48:01.453250+02:00,0,10,false
2026-08-12T05:00:53.894248+02:00,0,10,false
2026-08-12T05:32:07.976336+02:00,0,10,false
2026-08-12T06:03:09.057400+02:00,0,10,false
2026-08-12T06:31:38.036329+02:00,0,10,false
2026-08-12T06:56:48.144139+02:00,0,10,false
2026-08-12T07:01:27.469402+02:00,0,10,false
2026-08-12T07:31:44.582056+02:00,0,10,false
2026-08-12T07:50:19.545600+02:00,0,10,false
2026-08-12T08:01:22.212970+02:00,0,10,false
2026-08-12T08:32:15.160750+02:00,0,10,false
2026-08-12T08:48:41.660292+02:00,0,10,false
2026-08-12T09:02:20.659484+02:00,0,10,false
2026-08-12T09:31:24.825619+02:00,0,10,false
2026-08-12T09:51:56.002532+02:00,1,10,false
2026-08-12T10:01:19.521586+02:00,1,10,false
2026-08-12T10:31:47.363851+02:00,0,10,false
2026-08-12T10:45:47.705964+02:00,0,10,false
2026-08-12T11:01:57.762094+02:00,0,10,false
2026-08-12T11:19:26.392682+02:00,0,10,false
2026-08-12T11:31:57.701482+02:00,0,10,false
2026-08-12T12:01:02.064017+02:00,0,10,false
2026-08-12T12:15:05.440774+02:00,0,10,false
2026-08-12T12:31:48.967476+02:00,0,10,false
2026-08-12T12:42:06.576379+02:00,0,10,false
2026-08-12T13:02:09.493441+02:00,0,10,false
2026-08-12T13:10:15.339265+02:00,0,10,false
2026-08-12T13:31:36.755967+02:00,0,10,false
2026-08-12T13:35:06.729979+02:00,0,10,false
2026-08-12T14:01:52.330623+02:00,0,10,false
2026-08-12T14:03:36.214014+02:00,1,10,false
2026-08-12T14:31:43.307854+02:00,1,10,false
2026-08-12T14:35:07.744316+02:00,0,10,false
2026-08-12T15:01:05.827856+02:00,0,10,false
2026-08-12T15:15:03.310134+02:00,0,10,false
2026-08-12T15:31:57.160511+02:00,0,10,false
2026-08-12T15:53:12.456041+02:00,0,10,false
2026-08-12T16:02:02.887192+02:00,0,10,false
2026-08-12T16:31:32.144296+02:00,0,10,false
2026-08-12T16:41:00.191834+02:00,1,10,false
2026-08-12T17:02:22.419139+02:00,2,10,false
2026-08-12T17:11:11.834147+02:00,0,10,false
2026-08-12T17:31:28.099064+02:00,0,10,false
2026-08-12T17:38:42.954107+02:00,0,10,false
2026-08-12T18:01:47.322128+02:00,0,10,false
2026-08-12T18:09:00.682708+02:00,0,10,false
2026-08-12T18:32:06.235912+02:00,0,10,false
2026-08-12T18:38:10.033946+02:00,0,10,false
2026-08-12T19:01:42.432226+02:00,0,10,false
2026-08-12T19:09:10.105219+02:00,0,10,false
2026-08-12T19:31:18.407828+02:00,0,10,false
2026-08-12T19:40:20.201756+02:00,0,10,false
2026-08-12T20:01:56.098386+02:00,0,10,false
2026-08-12T20:07:54.433175+02:00,0,10,false
2026-08-12T20:32:11.736590+02:00,0,10,false
2026-08-12T20:36:54.007992+02:00,0,10,false
2026-08-12T21:02:06.052607+02:00,0,10,false
2026-08-12T21:13:52.089559+02:00,0,10,false
2026-08-12T21:31:50.142545+02:00,0,10,false
2026-08-12T21:43:40.070348+02:00,0,10,false
2026-08-12T22:01:14.952188+02:00,0,10,false
2026-08-12T22:05:33.884172+02:00,0,10,false
2026-08-12T22:34:05.925150+02:00,0,10,false
2026-08-12T23:01:30.111197+02:00,0,10,false
2026-08-12T23:05:42.147139+02:00,0,10,false
2026-08-12T23:32:05.792070+02:00,0,10,false
2026-08-13T00:01:00.956884+02:00,0,10,false
2026-08-13T00:06:13.621430+02:00,0,10,false
2026-08-13T00:31:49.786912+02:00,0,10,false
2026-08-13T01:01:14.365796+02:00,0,10,false
2026-08-13T01:06:01.601112+02:00,0,10,false
2026-08-13T01:33:45.583609+02:00,0,10,false
2026-08-13T02:01:07.733583+02:00,0,10,false
2026-08-13T02:03:15.742170+02:00,0,10,false
2026-08-13T02:31:25.009805+02:00,0,10,false
2026-08-13T02:41:42.795131+02:00,0,10,false
2026-08-13T03:01:21.206948+02:00,0,10,false
2026-08-13T03:17:19.637719+02:00,0,10,false
2026-08-13T03:30:59.492477+02:00,0,10,false
2026-08-13T04:01:00.627128+02:00,0,10,false
2026-08-13T04:05:43.027074+02:00,0,10,false
2026-08-13T04:31:28.892866+02:00,0,10,false
2026-08-13T05:01:36.005938+02:00,0,10,false
2026-08-13T05:12:07.053986+02:00,0,10,false
2026-08-13T05:31:17.267869+02:00,0,10,false
2026-08-13T06:02:05.010909+02:00,0,10,false
2026-08-13T06:30:42.449498+02:00,0,10,false
2026-08-13T06:59:17.676263+02:00,0,10,false
2026-08-13T07:01:31.534385+02:00,0,10,false
2026-08-13T07:31:50.016545+02:00,0,10,false
2026-08-13T07:50:59.949621+02:00,0,10,false
2026-08-13T08:02:08.437184+02:00,0,10,false
2026-08-13T08:30:45.495520+02:00,0,10,false
2026-08-13T08:50:31.578131+02:00,0,10,false
2026-08-13T09:01:15.795417+02:00,0,10,false
2026-08-13T09:31:23.022710+02:00,0,10,false
2026-08-13T09:52:12.346525+02:00,0,10,false
2026-08-13T10:01:26.472038+02:00,0,10,false
2026-08-13T10:32:13.307808+02:00,0,10,false
2026-08-13T10:47:51.142032+02:00,0,10,false
2026-08-13T11:01:43.585912+02:00,0,10,false
2026-08-13T11:31:27.725546+02:00,0,10,false
2026-08-13T11:43:04.567212+02:00,0,10,false
2026-08-13T12:01:28.209633+02:00,0,10,false
2026-08-13T12:15:30.688892+02:00,0,10,false
2026-08-13T12:30:44.284443+02:00,0,10,false
2026-08-13T12:41:56.046142+02:00,0,10,false
2026-08-13T13:01:13.679925+02:00,0,10,false
2026-08-13T13:09:49.981328+02:00,0,10,false
2026-08-13T13:32:21.722203+02:00,0,10,false
2026-08-13T13:35:10.385093+02:00,0,10,false
2026-08-13T14:01:58.549917+02:00,0,10,false
2026-08-13T14:04:30.985249+02:00,2,10,false
2026-08-13T14:32:11.734712+02:00,4,10,false
2026-08-13T14:36:21.158884+02:00,15,10,true
2026-08-13T15:01:15.174851+02:00,15,10,true
2026-08-13T15:14:55.754596+02:00,17,10,true
2026-08-13T15:31:43.523413+02:00,7,10,false
2026-08-13T15:53:22.193813+02:00,4,10,false
2026-08-13T16:02:02.787545+02:00,3,10,false
2026-08-13T16:31:55.972262+02:00,2,10,false
2026-08-13T17:01:27.171140+02:00,6,10,false
2026-08-13T17:11:51.630160+02:00,7,10,false
2026-08-13T17:32:09.427385+02:00,6,10,false
2026-08-13T17:38:30.131342+02:00,7,10,false
2026-08-13T18:01:55.147196+02:00,6,10,false
2026-08-13T18:08:44.312081+02:00,16,10,true
2026-08-13T18:32:06.249014+02:00,14,10,true
2026-08-13T18:37:06.894905+02:00,5,10,false
2026-08-13T19:01:34.577869+02:00,0,10,false
2026-08-13T19:10:20.298192+02:00,0,10,false
2026-08-13T19:31:35.345280+02:00,3,10,false
2026-08-13T19:39:48.750045+02:00,3,10,false
2026-08-13T20:01:12.313697+02:00,2,10,false
2026-08-13T20:08:20.185302+02:00,0,10,false
2026-08-13T20:31:55.444525+02:00,0,10,false
2026-08-13T20:38:31.340660+02:00,2,10,false
2026-08-13T21:01:38.464049+02:00,0,10,false
2026-08-13T21:14:28.645161+02:00,0,10,false
2026-08-13T21:31:26.084959+02:00,0,10,false
2026-08-13T21:41:22.142329+02:00,1,10,false
2026-08-13T22:03:21.233534+02:00,1,10,false
2026-08-13T22:33:01.969177+02:00,2,10,false
2026-08-13T23:01:48.337516+02:00,2,10,false
2026-08-13T23:06:00.612851+02:00,1,10,false
2026-08-13T23:33:28.036146+02:00,0,10,false
2026-08-14T00:02:02.196332+02:00,0,10,false
2026-08-14T00:06:33.730340+02:00,0,10,false
2026-08-14T00:34:13.302737+02:00,0,10,false
2026-08-14T01:01:05.373642+02:00,0,10,false
2026-08-14T01:06:23.826316+02:00,0,10,false
2026-08-14T01:33:07.623037+02:00,0,10,false
2026-08-14T02:01:32.855662+02:00,0,10,false
2026-08-14T02:03:09.691579+02:00,0,10,false
2026-08-14T02:31:54.272192+02:00,0,10,false
2026-08-14T02:42:04.900799+02:00,0,10,false
2026-08-14T03:02:16.855214+02:00,0,10,false
2026-08-14T03:17:27.374852+02:00,0,10,false
2026-08-14T03:32:17.152763+02:00,0,10,false
2026-08-14T04:00:59.823263+02:00,0,10,false
2026-08-14T04:05:06.176219+02:00,0,10,false
2026-08-14T04:31:18.550090+02:00,0,10,false
2026-08-14T05:01:59.686823+02:00,0,10,false
2026-08-14T05:11:12.548157+02:00,0,10,false
2026-08-14T05:32:11.552234+02:00,0,10,false
2026-08-14T06:02:47.526807+02:00,0,10,false
2026-08-14T06:31:23.034615+02:00,0,10,false
2026-08-14T06:57:18.127046+02:00,0,10,false
2026-08-14T07:02:09.595804+02:00,0,10,false
2026-08-14T07:31:35.958178+02:00,1,10,false
2026-08-14T07:49:40.050850+02:00,2,10,false
2026-08-14T08:01:05.431031+02:00,0,10,false
2026-08-14T08:31:03.925110+02:00,0,10,false
2026-08-14T08:48:35.213257+02:00,0,10,false
2026-08-14T09:30:49.030483+02:00,0,10,false
2026-08-14T09:53:01.072455+02:00,0,10,false
2026-08-14T10:01:17.304192+02:00,0,10,false
2026-08-14T10:31:14.802494+02:00,0,10,false
2026-08-14T10:44:52.372507+02:00,0,10,false
2026-08-14T11:01:42.722546+02:00,3,10,false
2026-08-14T11:15:58.456003+02:00,3,10,false
2026-08-14T11:31:34.563443+02:00,0,10,false
2026-08-14T11:44:21.585598+02:00,0,10,false
2026-08-14T12:01:25.277238+02:00,0,10,false
2026-08-14T12:13:17.104199+02:00,1,10,false
2026-08-14T12:31:45.415380+02:00,0,10,false
2026-08-14T12:39:34.843345+02:00,0,10,false
2026-08-14T13:01:44.868880+02:00,0,10,false
2026-08-14T13:08:06.316777+02:00,0,10,false
2026-08-14T13:30:56.908357+02:00,0,10,false
2026-08-14T13:33:05.584044+02:00,0,10,false
2026-08-14T14:03:31.846754+02:00,0,10,false
2026-08-14T14:31:14.940507+02:00,0,10,false
2026-08-14T14:33:06.891174+02:00,0,10,false
2026-08-14T15:01:23.514837+02:00,0,10,false
2026-08-14T15:15:26.173922+02:00,0,10,false
2026-08-14T15:30:41.501275+02:00,0,10,false
2026-08-14T15:50:26.068110+02:00,0,10,false
2026-08-14T16:01:18.908568+02:00,1,10,false
2026-08-14T16:32:06.451578+02:00,0,10,false
2026-08-14T16:38:58.847560+02:00,0,10,false
2026-08-14T17:01:18.244414+02:00,0,10,false
2026-08-14T17:07:21.476171+02:00,0,10,false
2026-08-14T17:32:05.038661+02:00,0,10,false
2026-08-14T17:36:34.767129+02:00,0,10,false
2026-08-14T18:00:59.563836+02:00,0,10,false
2026-08-14T18:07:44.602333+02:00,0,10,false
2026-08-14T18:31:00.148683+02:00,0,10,false
2026-08-14T18:36:17.067837+02:00,0,10,false
2026-08-14T19:02:04.513791+02:00,0,10,false
2026-08-14T19:09:36.521529+02:00,0,10,false
2026-08-14T19:31:58.626182+02:00,0,10,false
2026-08-14T19:38:19.182669+02:00,0,10,false
2026-08-14T20:00:53.607613+02:00,0,10,false
2026-08-14T20:08:16.935693+02:00,0,10,false
2026-08-14T20:31:53.509050+02:00,0,10,false
2026-08-14T20:35:46.083646+02:00,0,10,false
2026-08-14T21:00:59.020680+02:00,0,10,false
2026-08-14T21:11:09.069260+02:00,0,10,false
2026-08-14T21:31:44.759709+02:00,0,10,false
2026-08-14T21:38:09.655784+02:00,0,10,false
2026-08-14T22:04:19.173404+02:00,0,10,false
2026-08-14T22:32:00.927748+02:00,0,10,false
2026-08-14T22:59:03.667592+02:00,0,10,false
2026-08-14T23:01:21.154768+02:00,0,10,false
2026-08-14T23:28:49.725080+02:00,0,10,false
2026-08-14T23:31:56.045697+02:00,0,10,false
2026-08-14T23:55:26.705525+02:00,0,10,false
2026-08-15T00:01:53.524040+02:00,0,10,false
2026-08-15T00:29:26.398469+02:00,0,10,false
2026-08-15T00:31:42.868923+02:00,0,10,false
2026-08-15T00:56:26.806065+02:00,0,10,false
2026-08-15T01:02:01.272140+02:00,0,10,false
2026-08-15T01:29:22.452496+02:00,0,10,false
2026-08-15T01:31:11.713091+02:00,0,10,false
2026-08-15T01:56:21.771418+02:00,0,10,false
2026-08-15T02:02:13.585994+02:00,0,10,false
2026-08-15T02:31:13.137238+02:00,0,10,false
2026-08-15T02:32:40.015480+02:00,0,10,false
2026-08-15T03:02:10.973343+02:00,0,10,false
2026-08-15T03:16:03.351196+02:00,0,10,false
2026-08-15T03:31:16.330236+02:00,0,10,false
2026-08-15T03:53:45.728808+02:00,0,10,false
2026-08-15T04:01:06.596242+02:00,0,10,false
2026-08-15T04:31:07.245557+02:00,0,10,false
2026-08-15T04:38:47.851483+02:00,0,10,false
2026-08-15T05:02:25.498831+02:00,0,10,false
2026-08-15T05:07:06.245129+02:00,0,10,false
2026-08-15T05:33:04.514423+02:00,0,10,false
2026-08-15T06:02:58.467717+02:00,0,10,false
2026-08-15T06:31:37.641814+02:00,0,10,false
2026-08-15T06:58:40.304173+02:00,0,10,false
2026-08-15T07:00:52.794514+02:00,2,10,false
2026-08-15T07:30:09.064282+02:00,3,10,false
2026-08-15T07:31:56.961207+02:00,4,10,false
2026-08-15T07:57:05.064982+02:00,3,10,false
2026-08-15T08:02:08.259106+02:00,0,10,false
2026-08-15T08:32:56.068693+02:00,1,10,false
2026-08-15T09:02:14.458024+02:00,1,10,false
2026-08-15T09:03:13.282054+02:00,0,10,false
2026-08-15T09:29:55.066138+02:00,0,10,false
2026-08-15T09:32:16.275491+02:00,0,10,false
2026-08-15T09:56:51.039424+02:00,0,10,false
2026-08-15T10:01:34.245457+02:00,0,10,false
2026-08-15T10:31:03.350490+02:00,0,10,false
2026-08-15T10:57:45.646806+02:00,1,10,false
2026-08-15T11:02:05.668185+02:00,1,10,false
2026-08-15T11:31:55.383291+02:00,5,10,false
2026-08-15T11:56:56.788004+02:00,4,10,false
2026-08-15T12:01:25.462424+02:00,4,10,false
2026-08-15T12:29:07.286229+02:00,1,10,false
2026-08-15T12:30:52.173118+02:00,10,10,true
2026-08-15T12:56:22.892171+02:00,12,10,true
2026-08-15T13:02:00.549494+02:00,5,10,false
2026-08-15T13:28:59.807213+02:00,9,10,false
2026-08-15T13:32:12.507583+02:00,7,10,false
2026-08-15T13:55:21.119340+02:00,3,10,false
2026-08-15T14:02:10.536056+02:00,3,10,false
2026-08-15T14:33:11.655378+02:00,4,10,false
2026-08-15T15:01:31.583886+02:00,5,10,false
2026-08-15T15:04:27.181719+02:00,3,10,false
2026-08-15T15:33:17.967594+02:00,2,10,false
2026-08-15T15:56:20.034527+02:00,2,10,false
2026-08-15T16:02:09.776551+02:00,1,10,false
2026-08-15T16:29:53.108914+02:00,3,10,false
2026-08-15T16:30:51.940314+02:00,5,10,false
2026-08-15T16:56:34.533499+02:00,2,10,false
2026-08-15T17:02:15.888014+02:00,2,10,false
2026-08-15T17:28:27.732601+02:00,2,10,false
2026-08-15T17:30:48.171370+02:00,3,10,false
2026-08-15T17:55:22.757181+02:00,3,10,false
2026-08-15T18:01:30.061801+02:00,0,10,false
2026-08-15T18:30:04.881607+02:00,0,10,false
2026-08-15T18:31:50.921948+02:00,0,10,false
2026-08-15T18:55:44.671548+02:00,0,10,false
2026-08-15T19:02:15.290279+02:00,2,10,false
2026-08-15T19:28:12.898605+02:00,2,10,false
2026-08-15T19:31:10.075851+02:00,0,10,false
2026-08-15T19:55:40.549830+02:00,1,10,false
2026-08-15T20:01:14.496551+02:00,0,10,false
2026-08-15T20:32:09.980595+02:00,1,10,false
2026-08-15T20:59:55.390545+02:00,1,10,false
2026-08-15T21:01:12.384853+02:00,0,10,false
2026-08-15T21:28:24.822435+02:00,0,10,false
2026-08-15T21:31:49.783950+02:00,1,10,false
2026-08-15T21:54:04.330826+02:00,0,10,false
2026-08-15T22:01:05.548345+02:00,2,10,false
2026-08-15T22:29:33.834241+02:00,1,10,false
2026-08-15T22:31:15.144247+02:00,0,10,false
2026-08-15T22:55:38.997548+02:00,0,10,false
2026-08-15T23:02:10.416339+02:00,2,10,false
2026-08-15T23:28:37.563144+02:00,2,10,false
2026-08-15T23:31:18.030225+02:00,0,10,false
2026-08-15T23:55:35.493375+02:00,0,10,false
2026-08-16T00:01:41.498161+02:00,0,10,false
2026-08-16T00:29:48.806887+02:00,0,10,false
2026-08-16T00:32:01.827067+02:00,0,10,false
2026-08-16T00:56:01.119089+02:00,0,10,false
2026-08-16T01:01:29.173745+02:00,0,10,false
2026-08-16T01:27:57.152032+02:00,0,10,false
2026-08-16T01:31:48.050434+02:00,0,10,false
2026-08-16T01:54:50.865867+02:00,0,10,false
2026-08-16T02:01:41.956937+02:00,0,10,false
2026-08-16T02:31:12.559626+02:00,0,10,false
2026-08-16T02:33:26.500332+02:00,0,10,false
2026-08-16T03:01:40.397297+02:00,0,10,false
2026-08-16T03:14:56.669685+02:00,0,10,false
2026-08-16T03:31:21.865647+02:00,0,10,false
2026-08-16T03:56:57.390952+02:00,0,10,false
2026-08-16T04:01:24.862306+02:00,0,10,false
2026-08-16T04:30:44.885280+02:00,0,10,false
2026-08-16T04:44:07.016964+02:00,0,10,false
2026-08-16T05:02:10.561709+02:00,0,10,false
2026-08-16T05:12:21.056867+02:00,0,10,false
2026-08-16T05:32:17.131020+02:00,0,10,false
2026-08-16T05:36:04.926145+02:00,0,10,false
2026-08-16T06:01:02.060285+02:00,0,10,false
2026-08-16T06:04:36.331455+02:00,0,10,false
2026-08-16T06:33:06.693876+02:00,0,10,false
2026-08-16T07:03:02.050768+02:00,0,10,false
2026-08-16T07:29:36.312013+02:00,2,10,false
2026-08-16T07:31:16.665028+02:00,0,10,false
2026-08-16T07:57:47.385558+02:00,0,10,false
2026-08-16T08:01:50.894551+02:00,0,10,false
2026-08-16T08:32:44.064536+02:00,0,10,false
2026-08-16T09:01:08.168305+02:00,0,10,false
2026-08-16T09:04:57.707434+02:00,0,10,false
2026-08-16T09:32:59.211389+02:00,0,10,false
2026-08-16T09:57:03.974199+02:00,0,10,false
2026-08-16T10:01:33.400957+02:00,0,10,false
2026-08-16T10:33:06.320048+02:00,2,10,false
2026-08-16T10:58:39.451129+02:00,2,10,false
2026-08-16T11:01:48.831213+02:00,2,10,false
2026-08-16T11:29:42.005926+02:00,2,10,false
2026-08-16T11:30:54.245491+02:00,0,10,false
2026-08-16T11:55:46.659975+02:00,0,10,false
2026-08-16T12:01:38.683867+02:00,0,10,false
2026-08-16T12:28:47.605960+02:00,0,10,false
2026-08-16T12:31:15.934404+02:00,0,10,false
2026-08-16T12:55:42.181511+02:00,0,10,false
2026-08-16T13:01:31.930695+02:00,1,10,false
2026-08-16T13:29:19.309875+02:00,4,10,false
2026-08-16T13:31:35.909370+02:00,5,10,false
2026-08-16T13:54:52.264016+02:00,4,10,false
2026-08-16T14:00:52.915015+02:00,2,10,false
2026-08-16T14:33:03.554136+02:00,0,10,false
2026-08-16T15:01:06.401643+02:00,0,10,false
2026-08-16T15:04:15.472999+02:00,0,10,false
2026-08-16T15:31:47.594584+02:00,0,10,false
2026-08-16T15:57:15.797128+02:00,0,10,false
2026-08-16T16:02:17.668258+02:00,0,10,false
2026-08-16T16:31:38.840785+02:00,0,10,false
2026-08-16T16:55:51.835262+02:00,0,10,false
2026-08-16T17:01:27.521330+02:00,1,10,false
2026-08-16T17:28:58.838347+02:00,1,10,false
2026-08-16T17:31:16.634322+02:00,0,10,false
2026-08-16T17:54:56.594039+02:00,0,10,false
2026-08-16T18:01:19.721949+02:00,0,10,false
2026-08-16T18:29:47.613203+02:00,0,10,false
2026-08-16T18:30:51.148075+02:00,0,10,false
2026-08-16T18:57:03.050138+02:00,0,10,false
2026-08-16T19:02:15.086408+02:00,0,10,false
2026-08-16T19:28:47.548394+02:00,0,10,false
2026-08-16T19:30:58.551332+02:00,0,10,false
2026-08-16T19:54:34.881042+02:00,0,10,false
2026-08-16T20:01:17.563795+02:00,0,10,false
2026-08-16T20:31:57.669954+02:00,0,10,false
2026-08-16T20:59:04.948134+02:00,0,10,false
2026-08-16T21:01:05.395410+02:00,0,10,false
2026-08-16T21:28:12.762828+02:00,0,10,false
2026-08-16T21:31:47.535420+02:00,0,10,false
2026-08-16T21:53:36.270383+02:00,0,10,false
2026-08-16T22:01:10.852500+02:00,0,10,false
2026-08-16T22:29:18.930492+02:00,0,10,false
2026-08-16T22:31:34.242791+02:00,0,10,false
2026-08-16T22:54:47.563581+02:00,0,10,false
2026-08-16T23:01:42.067214+02:00,0,10,false
2026-08-16T23:28:35.682812+02:00,0,10,false
2026-08-16T23:31:54.242061+02:00,0,10,false
2026-08-16T23:55:04.787949+02:00,0,10,false
2026-08-17T00:01:46.532525+02:00,0,10,false
2026-08-17T00:29:29.748132+02:00,0,10,false
2026-08-17T00:30:48.402612+02:00,0,10,false
2026-08-17T00:55:24.426727+02:00,0,10,false
2026-08-17T01:01:35.336581+02:00,0,10,false
2026-08-17T01:28:55.352902+02:00,0,10,false
2026-08-17T01:31:59.946850+02:00,0,10,false
2026-08-17T01:54:44.075000+02:00,0,10,false
2026-08-17T02:02:09.850196+02:00,0,10,false
2026-08-17T02:32:55.531600+02:00,0,10,false
2026-08-17T03:01:46.936239+02:00,0,10,false
2026-08-17T03:15:24.436333+02:00,0,10,false
2026-08-17T03:32:31.476373+02:00,0,10,false
2026-08-17T03:55:51.724404+02:00,0,10,false
2026-08-17T04:01:19.011509+02:00,0,10,false
2026-08-17T04:30:53.937048+02:00,0,10,false
2026-08-17T04:44:14.059376+02:00,0,10,false
2026-08-17T05:01:56.043062+02:00,0,10,false
2026-08-17T05:11:04.956453+02:00,0,10,false
2026-08-17T05:31:10.365248+02:00,0,10,false
2026-08-17T05:36:02.599450+02:00,0,10,false
2026-08-17T06:01:57.405485+02:00,0,10,false
2026-08-17T06:06:23.622826+02:00,0,10,false
2026-08-17T06:33:12.899978+02:00,0,10,false
2026-08-17T07:01:09.024195+02:00,0,10,false
2026-08-17T07:03:29.603493+02:00,0,10,false
2026-08-17T07:32:06.231736+02:00,0,10,false
2026-08-17T07:59:51.123833+02:00,0,10,false
2026-08-17T08:01:51.573678+02:00,0,10,false
2026-08-17T08:33:05.328653+02:00,0,10,false
2026-08-17T09:02:06.587610+02:00,0,10,false
2026-08-17T09:12:48.730908+02:00,0,10,false
2026-08-17T09:31:31.861929+02:00,0,10,false
2026-08-17T09:38:29.325819+02:00,0,10,false
2026-08-17T10:02:08.237764+02:00,0,10,false
2026-08-17T10:04:05.031011+02:00,0,10,false
2026-08-17T10:34:07.713386+02:00,0,10,false
2026-08-17T11:02:00.243218+02:00,0,10,false
2026-08-17T11:04:33.568151+02:00,0,10,false
2026-08-17T11:32:56.385467+02:00,2,10,false
2026-08-17T12:02:59.221776+02:00,0,10,false
2026-08-17T12:31:07.397493+02:00,0,10,false
2026-08-17T12:59:20.001611+02:00,0,10,false
2026-08-17T13:01:57.569756+02:00,0,10,false
2026-08-17T13:30:55.385575+02:00,2,10,false
2026-08-17T13:56:05.400895+02:00,2,10,false
2026-08-17T14:01:12.885763+02:00,1,10,false
2026-08-17T14:32:43.085493+02:00,0,10,false
2026-08-17T15:02:15.177828+02:00,0,10,false
2026-08-17T15:06:59.406645+02:00,0,10,false
2026-08-17T15:32:45.606670+02:00,1,10,false
2026-08-17T16:02:25.405787+02:00,2,10,false
2026-08-17T16:29:13.732746+02:00,2,10,false
2026-08-17T16:31:26.271507+02:00,0,10,false
2026-08-17T16:57:31.553643+02:00,0,10,false
2026-08-17T17:00:52.764998+02:00,0,10,false
2026-08-17T17:29:41.315796+02:00,0,10,false
2026-08-17T17:31:44.212446+02:00,0,10,false
2026-08-17T17:56:17.514197+02:00,2,10,false
2026-08-17T18:01:50.129723+02:00,0,10,false
2026-08-17T18:31:17.427651+02:00,0,10,false
2026-08-17T18:58:00.713739+02:00,0,10,false
2026-08-17T19:02:10.319230+02:00,0,10,false
2026-08-17T19:29:12.971404+02:00,0,10,false
2026-08-17T19:59:01.705246+02:00,0,10,false
2026-08-17T20:31:44.541380+02:00,0,10,false
2026-08-17T21:01:01.997892+02:00,0,10,false
2026-08-17T21:04:56.878312+02:00,0,10,false
2026-08-17T21:29:33.034984+02:00,0,10,false
2026-08-17T21:32:13.249965+02:00,0,10,false
2026-08-17T21:56:01.986917+02:00,0,10,false
2026-08-17T22:01:07.720827+02:00,1,10,false
2026-08-17T22:31:52.366627+02:00,0,10,false
2026-08-17T22:58:05.679045+02:00,0,10,false
2026-08-17T23:01:41.427979+02:00,0,10,false
2026-08-17T23:29:20.504264+02:00,0,10,false
2026-08-17T23:31:14.115661+02:00,0,10,false
2026-08-17T23:55:36.902510+02:00,0,10,false
2026-08-18T00:02:05.704886+02:00,0,10,false
2026-08-18T00:29:59.234161+02:00,0,10,false
2026-08-18T00:31:29.957548+02:00,0,10,false
2026-08-18T00:56:16.579054+02:00,0,10,false
2026-08-18T01:01:52.643152+02:00,0,10,false
2026-08-18T01:28:59.243952+02:00,0,10,false
2026-08-18T01:31:34.849889+02:00,0,10,false
2026-08-18T01:56:07.098794+02:00,0,10,false
2026-08-18T02:01:34.263715+02:00,0,10,false
2026-08-18T02:34:16.312084+02:00,0,10,false
2026-08-18T03:01:19.738998+02:00,0,10,false
2026-08-18T03:14:54.589339+02:00,0,10,false
2026-08-18T03:31:20.573784+02:00,0,10,false
2026-08-18T03:53:49.388957+02:00,0,10,false
2026-08-18T04:02:20.697084+02:00,0,10,false
2026-08-18T04:31:49.796638+02:00,0,10,false
2026-08-18T04:41:32.627153+02:00,0,10,false
2026-08-18T05:01:46.515079+02:00,0,10,false
2026-08-18T05:07:44.596534+02:00,0,10,false
2026-08-18T05:31:28.512225+02:00,0,10,false
2026-08-18T05:33:43.611359+02:00,0,10,false
2026-08-18T06:01:45.641980+02:00,0,10,false
2026-08-18T06:03:25.760723+02:00,0,10,false
2026-08-18T06:31:25.274647+02:00,0,10,false
2026-08-18T07:03:21.293193+02:00,0,10,false
2026-08-18T07:31:06.093697+02:00,0,10,false
2026-08-18T07:58:15.510068+02:00,0,10,false
2026-08-18T08:02:01.908586+02:00,0,10,false
2026-08-18T08:34:31.373705+02:00,0,10,false
2026-08-18T09:01:38.532963+02:00,0,10,false
2026-08-18T09:07:33.680599+02:00,0,10,false
2026-08-18T09:33:31.408770+02:00,0,10,false
2026-08-18T10:02:48.352783+02:00,0,10,false
2026-08-18T10:33:47.065776+02:00,0,10,false
2026-08-18T11:04:20.461938+02:00,0,10,false
2026-08-18T11:32:16.196886+02:00,0,10,false
2026-08-18T11:59:09.042685+02:00,0,10,false
2026-08-18T12:01:31.481652+02:00,0,10,false
2026-08-18T12:31:39.254367+02:00,5,10,false
2026-08-18T12:58:53.552530+02:00,5,10,false
2026-08-18T13:02:07.567577+02:00,0,10,false
2026-08-18T13:29:54.719234+02:00,0,10,false
2026-08-18T13:31:54.727710+02:00,0,10,false
2026-08-18T13:57:18.169307+02:00,0,10,false
2026-08-18T14:00:56.000662+02:00,0,10,false
2026-08-18T14:32:39.822561+02:00,0,10,false
2026-08-18T15:02:17.364942+02:00,0,10,false
2026-08-18T15:07:45.383635+02:00,2,10,false
2026-08-18T15:31:15.675637+02:00,0,10,false
2026-08-18T15:32:50.449685+02:00,0,10,false
2026-08-18T16:03:46.766840+02:00,0,10,false
2026-08-18T16:32:57.058783+02:00,0,10,false
2026-08-18T17:03:20.254334+02:00,0,10,false
2026-08-18T17:32:52.942279+02:00,0,10,false
2026-08-18T17:59:48.474583+02:00,0,10,false
2026-08-18T18:01:29.929158+02:00,0,10,false
2026-08-18T18:31:40.202321+02:00,0,10,false
2026-08-18T18:59:37.556356+02:00,0,10,false
2026-08-18T19:01:49.914329+02:00,0,10,false
2026-08-18T19:29:19.159820+02:00,0,10,false
2026-08-18T19:30:52.886583+02:00,0,10,false
2026-08-18T19:57:54.162306+02:00,0,10,false
2026-08-18T20:01:39.555568+02:00,0,10,false
2026-08-18T20:33:04.817946+02:00,0,10,false
2026-08-18T21:01:21.011265+02:00,0,10,false
2026-08-18T21:03:26.024469+02:00,0,10,false
2026-08-18T21:29:11.557128+02:00,0,10,false
2026-08-18T21:32:00.999692+02:00,0,10,false
2026-08-18T21:55:03.913831+02:00,0,10,false
2026-08-18T22:01:38.626800+02:00,0,10,false
2026-08-18T22:32:31.884510+02:00,0,10,false
2026-08-18T22:56:30.991215+02:00,0,10,false
2026-08-18T23:02:00.955763+02:00,0,10,false
2026-08-18T23:28:51.413285+02:00,0,10,false
2026-08-18T23:30:57.216078+02:00,0,10,false
2026-08-18T23:55:34.026923+02:00,0,10,false
2026-08-19T00:01:41.807526+02:00,0,10,false
2026-08-19T00:28:36.690119+02:00,0,10,false
2026-08-19T00:31:02.191517+02:00,0,10,false
2026-08-19T00:57:18.334456+02:00,0,10,false
2026-08-19T01:02:17.605606+02:00,0,10,false
2026-08-19T01:28:59.933699+02:00,0,10,false
2026-08-19T01:31:53.120929+02:00,0,10,false
2026-08-19T01:54:58.150083+02:00,0,10,false
2026-08-19T02:01:15.877471+02:00,0,10,false
2026-08-19T02:32:47.539315+02:00,0,10,false
2026-08-19T03:02:06.801923+02:00,0,10,false
2026-08-19T03:16:00.041899+02:00,0,10,false
2026-08-19T03:32:15.082292+02:00,0,10,false
2026-08-19T03:55:05.214976+02:00,0,10,false
2026-08-19T04:02:28.908601+02:00,0,10,false
2026-08-19T04:31:13.732386+02:00,0,10,false
2026-08-19T04:43:38.179051+02:00,0,10,false
2026-08-19T05:01:08.339653+02:00,0,10,false
2026-08-19T05:09:17.677530+02:00,0,10,false
2026-08-19T05:31:10.153733+02:00,0,10,false
2026-08-19T05:33:28.085085+02:00,0,10,false
2026-08-19T06:01:30.707112+02:00,0,10,false
2026-08-19T06:04:37.203249+02:00,0,10,false
2026-08-19T06:31:58.999024+02:00,0,10,false
2026-08-19T07:03:47.990729+02:00,0,10,false
2026-08-19T07:29:56.647105+02:00,0,10,false
2026-08-19T07:31:52.084145+02:00,1,10,false
2026-08-19T07:58:40.098978+02:00,0,10,false
2026-08-19T08:01:26.652031+02:00,0,10,false
2026-08-19T08:33:10.268742+02:00,0,10,false
2026-08-19T09:01:15.897321+02:00,0,10,false
2026-08-19T09:07:42.730950+02:00,0,10,false
2026-08-19T09:33:12.640831+02:00,0,10,false
2026-08-19T10:02:28.632726+02:00,0,10,false
2026-08-19T10:32:47.041927+02:00,0,10,false
2026-08-19T11:03:19.277452+02:00,0,10,false
2026-08-19T11:32:21.527703+02:00,0,10,false
2026-08-19T12:00:01.488587+02:00,0,10,false
2026-08-19T12:01:00.329739+02:00,0,10,false
2026-08-19T12:31:30.754452+02:00,0,10,false
2026-08-19T12:59:02.685232+02:00,0,10,false
2026-08-19T13:01:57.708499+02:00,0,10,false
2026-08-19T13:29:52.878531+02:00,0,10,false
2026-08-19T13:31:27.393990+02:00,0,10,false
2026-08-19T13:56:03.103066+02:00,0,10,false
2026-08-19T14:01:09.738039+02:00,0,10,false
2026-08-19T14:32:52.256742+02:00,0,10,false
2026-08-19T15:01:52.095903+02:00,0,10,false
2026-08-19T15:07:54.066788+02:00,0,10,false
2026-08-19T15:32:04.388195+02:00,0,10,false
2026-08-19T15:33:59.367113+02:00,0,10,false
2026-08-19T16:03:44.309115+02:00,0,10,false
2026-08-19T16:31:27.741068+02:00,0,10,false
2026-08-19T17:03:29.681013+02:00,0,10,false
2026-08-19T17:31:38.485738+02:00,0,10,false
2026-08-19T18:01:54.415599+02:00,2,10,false
2026-08-19T18:31:38.499353+02:00,1,10,false
2026-08-19T18:59:05.081489+02:00,1,10,false
2026-08-19T19:02:22.949777+02:00,0,10,false
2026-08-19T19:31:26.079660+02:00,0,10,false
2026-08-19T19:56:27.980284+02:00,0,10,false
2026-08-19T20:01:55.883753+02:00,0,10,false
2026-08-19T20:32:23.112340+02:00,0,10,false
2026-08-19T21:03:26.071958+02:00,0,10,false
2026-08-19T21:29:38.656343+02:00,0,10,false
2026-08-19T21:31:38.110026+02:00,0,10,false
2026-08-19T21:55:26.651979+02:00,0,10,false
2026-08-19T22:02:09.624237+02:00,0,10,false
2026-08-19T22:29:52.454838+02:00,0,10,false
2026-08-19T22:31:58.784030+02:00,0,10,false
2026-08-19T22:58:06.005396+02:00,0,10,false
2026-08-19T23:01:56.761231+02:00,0,10,false
2026-08-19T23:29:49.711365+02:00,0,10,false
2026-08-19T23:32:21.307003+02:00,0,10,false
2026-08-19T23:57:07.475084+02:00,0,10,false
2026-08-20T00:00:54.550113+02:00,0,10,false
2026-08-20T00:29:31.059540+02:00,0,10,false
2026-08-20T00:31:48.033469+02:00,0,10,false
2026-08-20T00:56:37.570573+02:00,0,10,false
2026-08-20T01:01:58.471027+02:00,0,10,false
2026-08-20T01:28:58.537566+02:00,0,10,false
2026-08-20T01:31:24.511016+02:00,0,10,false
2026-08-20T01:55:21.441534+02:00,0,10,false
2026-08-20T02:01:15.613078+02:00,0,10,false
2026-08-20T02:33:50.504104+02:00,0,10,false
2026-08-20T03:02:06.351391+02:00,0,10,false
2026-08-20T03:15:50.024607+02:00,0,10,false
2026-08-20T03:31:23.521522+02:00,0,10,false
2026-08-20T03:54:40.991427+02:00,0,10,false
2026-08-20T04:01:00.274246+02:00,0,10,false
2026-08-20T04:32:04.980030+02:00,0,10,false
2026-08-20T04:42:41.919189+02:00,0,10,false
2026-08-20T05:01:31.674847+02:00,0,10,false
2026-08-20T05:08:28.643355+02:00,0,10,false
2026-08-20T05:31:32.027414+02:00,0,10,false
2026-08-20T05:34:13.333123+02:00,0,10,false
2026-08-20T06:02:07.908726+02:00,0,10,false
2026-08-20T06:03:10.296371+02:00,0,10,false
2026-08-20T06:32:41.519411+02:00,0,10,false
2026-08-20T07:04:01.984521+02:00,0,10,false
2026-08-20T07:31:15.415877+02:00,0,10,false
2026-08-20T07:59:32.161714+02:00,0,10,false
2026-08-20T08:01:20.931316+02:00,0,10,false
2026-08-20T08:31:37.961285+02:00,0,10,false
2026-08-20T09:01:13.542010+02:00,0,10,false
2026-08-20T09:06:41.307497+02:00,0,10,false
2026-08-20T09:32:10.275531+02:00,0,10,false
2026-08-20T10:03:37.217606+02:00,0,10,false
2026-08-20T10:33:32.966935+02:00,0,10,false
2026-08-20T11:01:04.138730+02:00,0,10,false
2026-08-20T11:03:10.907741+02:00,0,10,false
2026-08-20T11:31:59.238204+02:00,0,10,false
2026-08-20T12:00:11.211143+02:00,0,10,false
2026-08-20T12:01:42.476083+02:00,0,10,false
2026-08-20T12:32:37.099915+02:00,0,10,false
2026-08-20T12:59:58.451023+02:00,0,10,false
2026-08-20T13:02:12.186399+02:00,1,10,false
2026-08-20T13:29:20.828641+02:00,1,10,false
2026-08-20T13:30:53.698931+02:00,0,10,false
2026-08-20T13:56:56.093157+02:00,0,10,false
2026-08-20T14:01:26.615604+02:00,0,10,false
2026-08-20T14:33:14.336358+02:00,0,10,false
2026-08-20T15:01:37.743115+02:00,0,10,false
2026-08-20T15:09:18.299225+02:00,0,10,false
2026-08-20T15:32:05.221554+02:00,0,10,false
2026-08-20T15:35:39.672909+02:00,0,10,false
2026-08-20T16:01:55.703124+02:00,0,10,false
2026-08-20T16:05:27.456182+02:00,0,10,false
2026-08-20T16:32:05.849970+02:00,0,10,false
2026-08-20T17:03:18.987600+02:00,0,10,false
2026-08-20T17:32:53.055173+02:00,0,10,false
2026-08-20T17:59:28.117274+02:00,0,10,false
2026-08-20T18:01:35.815794+02:00,0,10,false
2026-08-20T18:32:41.593933+02:00,0,10,false
2026-08-20T19:01:22.388353+02:00,0,10,false
2026-08-20T19:31:54.837703+02:00,0,10,false
2026-08-20T19:59:01.752206+02:00,0,10,false
2026-08-20T20:02:13.616603+02:00,0,10,false
2026-08-20T20:32:39.064299+02:00,0,10,false
2026-08-20T21:01:11.643973+02:00,0,10,false
2026-08-20T21:04:59.274231+02:00,0,10,false
2026-08-20T21:31:50.872241+02:00,0,10,false
2026-08-20T21:58:55.843791+02:00,0,10,false
2026-08-20T22:02:13.335214+02:00,0,10,false
2026-08-20T22:31:40.298438+02:00,0,10,false
2026-08-20T22:59:06.268477+02:00,0,10,false
2026-08-20T23:01:17.532888+02:00,0,10,false
2026-08-20T23:31:21.428622+02:00,0,10,false
2026-08-20T23:56:43.716913+02:00,0,10,false
2026-08-21T00:01:04.118795+02:00,0,10,false
2026-08-21T00:31:39.697463+02:00,0,10,false
2026-08-21T00:57:42.937312+02:00,0,10,false
2026-08-21T01:02:01.000054+02:00,0,10,false
2026-08-21T01:29:45.999783+02:00,0,10,false
2026-08-21T01:31:04.594908+02:00,0,10,false
2026-08-21T01:55:41.651770+02:00,0,10,false
2026-08-21T02:01:56.690150+02:00,0,10,false
2026-08-21T02:30:52.621050+02:00,0,10,false
2026-08-21T02:33:25.342013+02:00,0,10,false
2026-08-21T03:01:47.149417+02:00,0,10,false
2026-08-21T03:16:14.284034+02:00,0,10,false
2026-08-21T03:31:38.113960+02:00,0,10,false
2026-08-21T03:57:09.826557+02:00,0,10,false
2026-08-21T04:00:50.535837+02:00,0,10,false
2026-08-21T04:31:08.575936+02:00,0,10,false
2026-08-21T04:44:29.721944+02:00,0,10,false
2026-08-21T05:01:02.828042+02:00,0,10,false
2026-08-21T05:12:52.988247+02:00,0,10,false
2026-08-21T05:31:24.389843+02:00,0,10,false
2026-08-21T05:37:13.800172+02:00,0,10,false
2026-08-21T06:02:08.632521+02:00,0,10,false
2026-08-21T06:05:31.107047+02:00,0,10,false
2026-08-21T06:32:04.770614+02:00,0,10,false
2026-08-21T07:04:24.858186+02:00,0,10,false
2026-08-21T07:32:26.400095+02:00,0,10,false
2026-08-21T08:01:15.190965+02:00,0,10,false
2026-08-21T08:32:57.394085+02:00,0,10,false
2026-08-21T09:01:55.456935+02:00,0,10,false
2026-08-21T09:07:09.969680+02:00,0,10,false
2026-08-21T09:33:46.979568+02:00,0,10,false
2026-08-21T10:01:15.513669+02:00,0,10,false
2026-08-21T10:02:58.181801+02:00,1,10,false
2026-08-21T10:31:47.536172+02:00,0,10,false
2026-08-21T11:01:28.337904+02:00,0,10,false
2026-08-21T11:04:24.222628+02:00,0,10,false
2026-08-21T11:32:07.745992+02:00,0,10,false
2026-08-21T12:02:25.330111+02:00,0,10,false
2026-08-21T12:32:49.562883+02:00,0,10,false
2026-08-21T12:59:23.843004+02:00,0,10,false
2026-08-21T13:02:11.626660+02:00,0,10,false
2026-08-21T13:29:56.825226+02:00,0,10,false
2026-08-21T13:32:09.518500+02:00,0,10,false
2026-08-21T13:56:38.060717+02:00,0,10,false
2026-08-21T14:01:30.092132+02:00,0,10,false
2026-08-21T14:32:28.285428+02:00,0,10,false
2026-08-21T15:00:53.688650+02:00,0,10,false
2026-08-21T15:10:23.188811+02:00,0,10,false
2026-08-21T15:30:58.818842+02:00,0,10,false
2026-08-21T15:34:51.359792+02:00,0,10,false
2026-08-21T16:04:00.677058+02:00,0,10,false
2026-08-21T16:33:25.767405+02:00,0,10,false
2026-08-21T17:03:08.201338+02:00,0,10,false
2026-08-21T17:33:02.898558+02:00,0,10,false
2026-08-21T18:00:10.071841+02:00,0,10,false
2026-08-21T18:01:09.875058+02:00,0,10,false
2026-08-21T18:31:53.627546+02:00,0,10,false
2026-08-21T19:02:59.874282+02:00,0,10,false
2026-08-21T19:31:09.218679+02:00,0,10,false
2026-08-21T19:58:22.389561+02:00,0,10,false
2026-08-21T20:02:05.876274+02:00,0,10,false
2026-08-21T20:33:05.790206+02:00,0,10,false
2026-08-21T21:01:25.211787+02:00,0,10,false
2026-08-21T21:03:19.128276+02:00,0,10,false
2026-08-21T21:29:35.778958+02:00,0,10,false
2026-08-21T21:31:05.410597+02:00,0,10,false
2026-08-21T21:54:53.670454+02:00,0,10,false
2026-08-21T22:01:20.222858+02:00,0,10,false
2026-08-21T22:29:40.661606+02:00,0,10,false
2026-08-21T22:31:20.017949+02:00,0,10,false
2026-08-21T22:55:59.417271+02:00,0,10,false
2026-08-21T23:00:56.318616+02:00,0,10,false
2026-08-21T23:31:46.508725+02:00,0,10,false
2026-08-21T23:57:06.808168+02:00,0,10,false
2026-08-22T00:01:13.140475+02:00,0,10,false
2026-08-22T00:32:33.431581+02:00,0,10,false
2026-08-22T00:56:53.923296+02:00,0,10,false
2026-08-22T01:01:01.735112+02:00,0,10,false
2026-08-22T01:29:00.500430+02:00,0,10,false
2026-08-22T01:32:09.835940+02:00,0,10,false
2026-08-22T01:55:52.553701+02:00,0,10,false
2026-08-22T02:01:18.354111+02:00,0,10,false
2026-08-22T02:33:30.422236+02:00,0,10,false
2026-08-22T03:00:56.778755+02:00,0,10,false
2026-08-22T03:15:53.747421+02:00,0,10,false
2026-08-22T03:31:24.959481+02:00,0,10,false
2026-08-22T03:54:28.227452+02:00,0,10,false
2026-08-22T04:02:16.469941+02:00,0,10,false
2026-08-22T04:31:44.664693+02:00,0,10,false
2026-08-22T04:39:54.841109+02:00,0,10,false
2026-08-22T05:01:08.375529+02:00,0,10,false
2026-08-22T05:07:30.356902+02:00,0,10,false
2026-08-22T05:33:54.990261+02:00,0,10,false
2026-08-22T06:02:54.123941+02:00,0,10,false
2026-08-22T06:32:11.873480+02:00,0,10,false
2026-08-22T07:02:24.058073+02:00,0,10,false
2026-08-22T07:29:23.119735+02:00,0,10,false
2026-08-22T07:31:31.237085+02:00,0,10,false
2026-08-22T07:57:17.078667+02:00,0,10,false
2026-08-22T08:01:25.064591+02:00,0,10,false
2026-08-22T08:32:31.730672+02:00,0,10,false
2026-08-22T09:01:27.098900+02:00,0,10,false
2026-08-22T09:05:00.407921+02:00,0,10,false
2026-08-22T09:31:54.252064+02:00,0,10,false
2026-08-22T09:58:06.224107+02:00,0,10,false
2026-08-22T10:02:12.757265+02:00,0,10,false
2026-08-22T10:29:47.478437+02:00,0,10,false
2026-08-22T10:31:07.923813+02:00,0,10,false
2026-08-22T10:58:57.224768+02:00,0,10,false
2026-08-22T11:01:51.615595+02:00,0,10,false
2026-08-22T11:29:21.010097+02:00,0,10,false
2026-08-22T11:31:59.294700+02:00,0,10,false
2026-08-22T11:55:29.353494+02:00,0,10,false
2026-08-22T12:01:49.556046+02:00,0,10,false
2026-08-22T12:29:36.800431+02:00,0,10,false
2026-08-22T12:30:57.703226+02:00,0,10,false
2026-08-22T12:56:06.067411+02:00,0,10,false
2026-08-22T13:02:02.164218+02:00,0,10,false
2026-08-22T13:27:55.327554+02:00,0,10,false
2026-08-22T13:31:51.700365+02:00,0,10,false
2026-08-22T13:55:52.653041+02:00,0,10,false
2026-08-22T14:01:55.311745+02:00,1,10,false
2026-08-22T14:31:21.601371+02:00,0,10,false
2026-08-22T15:01:41.090390+02:00,0,10,false
2026-08-22T15:05:19.879374+02:00,0,10,false
2026-08-22T15:33:13.921335+02:00,0,10,false
2026-08-22T15:56:50.160074+02:00,0,10,false
2026-08-22T16:01:47.039298+02:00,0,10,false
2026-08-22T16:28:46.717721+02:00,0,10,false
2026-08-22T16:31:12.715903+02:00,0,10,false
2026-08-22T16:55:37.954960+02:00,0,10,false
2026-08-22T17:02:06.041060+02:00,2,10,false
2026-08-22T17:29:39.418540+02:00,0,10,false
2026-08-22T17:32:10.453494+02:00,0,10,false
2026-08-22T17:55:26.837312+02:00,0,10,false
2026-08-22T18:00:57.678947+02:00,0,10,false
2026-08-22T18:29:51.546529+02:00,0,10,false
2026-08-22T18:31:56.958137+02:00,0,10,false
2026-08-22T18:55:40.154151+02:00,0,10,false
2026-08-22T19:01:27.789226+02:00,0,10,false
2026-08-22T19:29:27.141888+02:00,0,10,false
2026-08-22T19:31:00.248897+02:00,2,10,false
2026-08-22T19:56:03.224000+02:00,2,10,false
2026-08-22T20:01:39.868351+02:00,0,10,false
2026-08-22T20:32:02.347526+02:00,0,10,false
2026-08-22T20:59:28.355319+02:00,0,10,false
2026-08-22T21:01:56.902846+02:00,0,10,false
2026-08-22T21:28:41.700696+02:00,0,10,false
2026-08-22T21:31:24.548758+02:00,0,10,false
2026-08-22T21:54:31.048660+02:00,0,10,false
2026-08-22T22:01:06.039052+02:00,0,10,false
2026-08-22T22:29:28.878757+02:00,0,10,false
2026-08-22T22:31:34.905985+02:00,0,10,false
2026-08-22T22:56:38.029955+02:00,0,10,false
2026-08-22T23:00:55.480794+02:00,0,10,false
2026-08-22T23:28:22.737704+02:00,0,10,false
2026-08-22T23:32:01.527140+02:00,0,10,false
2026-08-22T23:55:30.882467+02:00,0,10,false
2026-08-23T00:01:01.740360+02:00,0,10,false
2026-08-23T00:28:56.845915+02:00,0,10,false
2026-08-23T00:31:22.136003+02:00,0,10,false
2026-08-23T00:55:22.082448+02:00,0,10,false
2026-08-23T01:00:49.008568+02:00,0,10,false
2026-08-23T01:28:35.771803+02:00,0,10,false
2026-08-23T01:31:08.575061+02:00,0,10,false
2026-08-23T01:54:42.136814+02:00,0,10,false
2026-08-23T02:01:17.395070+02:00,0,10,false
2026-08-23T02:32:51.503944+02:00,0,10,false
2026-08-23T03:02:00.319131+02:00,0,10,false
2026-08-23T03:16:01.244596+02:00,0,10,false
2026-08-23T03:31:37.753726+02:00,0,10,false
2026-08-23T03:58:41.514467+02:00,0,10,false
2026-08-23T04:01:41.796858+02:00,0,10,false
2026-08-23T04:30:53.546594+02:00,0,10,false
2026-08-23T04:45:58.255903+02:00,0,10,false
2026-08-23T05:02:00.413233+02:00,0,10,false
2026-08-23T05:14:42.891182+02:00,0,10,false
2026-08-23T05:30:40.731447+02:00,0,10,false
2026-08-23T05:37:37.304309+02:00,0,10,false
2026-08-23T06:02:19.328829+02:00,0,10,false
2026-08-23T06:04:53.897383+02:00,0,10,false
2026-08-23T06:33:26.783560+02:00,0,10,false
2026-08-23T07:03:36.006165+02:00,0,10,false
2026-08-23T07:32:06.443833+02:00,0,10,false
2026-08-23T07:58:23.279438+02:00,0,10,false
2026-08-23T08:00:54.802570+02:00,0,10,false
2026-08-23T08:32:14.093281+02:00,0,10,false
2026-08-23T09:01:14.786184+02:00,0,10,false
2026-08-23T09:05:50.754891+02:00,0,10,false
2026-08-23T09:32:49.477573+02:00,0,10,false
2026-08-23T09:58:06.615965+02:00,0,10,false
2026-08-23T10:01:14.897108+02:00,0,10,false
2026-08-23T10:31:53.947447+02:00,0,10,false
2026-08-23T10:59:10.890495+02:00,0,10,false
2026-08-23T11:01:19.451177+02:00,0,10,false
2026-08-23T11:29:51.891123+02:00,0,10,false
2026-08-23T11:32:03.646703+02:00,0,10,false
2026-08-23T11:56:12.472544+02:00,0,10,false
2026-08-23T12:02:03.679818+02:00,0,10,false
2026-08-23T12:29:38.501872+02:00,0,10,false
2026-08-23T12:31:07.101500+02:00,0,10,false
2026-08-23T12:56:42.632639+02:00,0,10,false
2026-08-23T13:01:21.647832+02:00,0,10,false
2026-08-23T13:28:37.612358+02:00,0,10,false
2026-08-23T13:31:24.989524+02:00,0,10,false
2026-08-23T13:54:46.441890+02:00,0,10,false
2026-08-23T14:01:19.718048+02:00,0,10,false
2026-08-23T14:33:04.092596+02:00,0,10,false
2026-08-23T15:00:51.302533+02:00,0,10,false
2026-08-23T15:05:57.343817+02:00,0,10,false
2026-08-23T15:32:19.084351+02:00,2,10,false
2026-08-23T15:56:55.248623+02:00,3,10,false
2026-08-23T16:01:02.420902+02:00,3,10,false
2026-08-23T16:28:48.978037+02:00,2,10,false
2026-08-23T16:31:12.862156+02:00,0,10,false
2026-08-23T16:56:49.470259+02:00,0,10,false
2026-08-23T17:00:52.254673+02:00,1,10,false
2026-08-23T17:29:26.374115+02:00,1,10,false
2026-08-23T17:31:58.186059+02:00,0,10,false
2026-08-23T17:54:58.526187+02:00,0,10,false
2026-08-23T18:01:03.196650+02:00,0,10,false
2026-08-23T18:32:00.038538+02:00,0,10,false
2026-08-23T18:56:04.872602+02:00,0,10,false
2026-08-23T19:01:01.744688+02:00,0,10,false
2026-08-23T19:28:34.649522+02:00,0,10,false
2026-08-23T19:31:57.188188+02:00,0,10,false
2026-08-23T19:55:20.398836+02:00,0,10,false
2026-08-23T20:01:11.783386+02:00,0,10,false
2026-08-23T20:32:07.540705+02:00,0,10,false
2026-08-23T20:59:16.208976+02:00,0,10,false
2026-08-23T21:02:09.067995+02:00,0,10,false
2026-08-23T21:28:57.646107+02:00,0,10,false
2026-08-23T21:31:38.970287+02:00,0,10,false
2026-08-23T21:54:32.164386+02:00,0,10,false
2026-08-23T22:01:36.152265+02:00,1,10,false
2026-08-23T22:28:58.283282+02:00,0,10,false
2026-08-23T22:31:08.907377+02:00,0,10,false
2026-08-23T22:56:11.209564+02:00,0,10,false
2026-08-23T23:00:53.850660+02:00,0,10,false
2026-08-23T23:28:52.917359+02:00,0,10,false
2026-08-23T23:31:10.309673+02:00,0,10,false
2026-08-23T23:55:32.350033+02:00,0,10,false
2026-08-24T00:00:49.219906+02:00,0,10,false
2026-08-24T00:29:11.946284+02:00,0,10,false
2026-08-24T00:30:48.717154+02:00,0,10,false
2026-08-24T00:56:06.407900+02:00,0,10,false
2026-08-24T01:02:03.255379+02:00,0,10,false
2026-08-24T01:28:48.760508+02:00,0,10,false
2026-08-24T01:31:03.808586+02:00,0,10,false
2026-08-24T01:55:58.127291+02:00,0,10,false
2026-08-24T02:01:37.173941+02:00,0,10,false
2026-08-24T02:33:00.006635+02:00,0,10,false
2026-08-24T03:01:33.203120+02:00,0,10,false
2026-08-24T03:15:15.421737+02:00,0,10,false
2026-08-24T03:32:13.197734+02:00,0,10,false
2026-08-24T03:57:25.010272+02:00,0,10,false
2026-08-24T04:02:17.953460+02:00,0,10,false
2026-08-24T04:31:44.248044+02:00,0,10,false
2026-08-24T04:46:07.243553+02:00,0,10,false
2026-08-24T05:02:25.164272+02:00,0,10,false
2026-08-24T05:14:21.881892+02:00,0,10,false
2026-08-24T05:31:36.442513+02:00,0,10,false
2026-08-24T05:38:57.646584+02:00,0,10,false
2026-08-24T06:01:16.082062+02:00,0,10,false
2026-08-24T06:06:33.225701+02:00,0,10,false
2026-08-24T06:30:58.481054+02:00,0,10,false
2026-08-24T06:32:11.276686+02:00,0,10,false
2026-08-24T07:00:55.865908+02:00,0,10,false
2026-08-24T07:05:02.059182+02:00,0,10,false
2026-08-24T07:33:44.497838+02:00,0,10,false
2026-08-24T08:02:18.496500+02:00,0,10,false
2026-08-24T08:32:43.534043+02:00,0,10,false
2026-08-24T09:01:47.082479+02:00,0,10,false
2026-08-24T09:13:14.441091+02:00,0,10,false
2026-08-24T09:31:28.843988+02:00,0,10,false
2026-08-24T09:42:46.436384+02:00,2,10,false
2026-08-24T10:01:54.390827+02:00,0,10,false
2026-08-24T10:05:52.868588+02:00,6,10,false
2026-08-24T10:33:28.030183+02:00,12,10,true
2026-08-24T11:01:46.178106+02:00,12,10,true
2026-08-24T11:07:07.173970+02:00,0,10,false
2026-08-24T11:30:49.923239+02:00,0,10,false
2026-08-24T11:32:58.422796+02:00,1,10,false
2026-08-24T12:01:39.391407+02:00,0,10,false
2026-08-24T12:07:14.468598+02:00,0,10,false
2026-08-24T12:33:09.698698+02:00,0,10,false
2026-08-24T13:04:03.114720+02:00,0,10,false
2026-08-24T13:29:33.377095+02:00,0,10,false
2026-08-24T13:31:58.819832+02:00,0,10,false
2026-08-24T13:57:05.921281+02:00,0,10,false
2026-08-24T14:00:58.789747+02:00,0,10,false
2026-08-24T14:33:04.292511+02:00,2,10,false
2026-08-24T15:01:39.527510+02:00,2,10,false
2026-08-24T15:10:35.570144+02:00,0,10,false
2026-08-24T15:30:50.704667+02:00,0,10,false
2026-08-24T15:37:28.712336+02:00,0,10,false
2026-08-24T16:01:25.936379+02:00,0,10,false
2026-08-24T16:06:08.366134+02:00,0,10,false
2026-08-24T16:33:42.436903+02:00,0,10,false
2026-08-24T17:01:33.911206+02:00,0,10,false
